Rk,Player,Age,Team,Pos,G,GS,MP,FG,FGA,FG%,3P,3PA,3P%,2P,2PA,2P%,eFG%,FT,FTA,FT%,ORB,DRB,TRB,AST,STL,BLK,TOV,PF,PTS,Trp-Dbl
1.0,Luka Dončić,26.0,LAL,PG,64.0,64.0,2289.0,693.0,1457.0,0.476,254.0,694.0,0.366,439.0,763.0,0.575,0.563,503.0,645.0,0.78,41.0,454.0,495.0,530.0,105.0,34.0,255.0,153.0,2143.0,8.0
2.0,Shai Gilgeous-Alexander,27.0,OKC,PG,65.0,65.0,2177.0,705.0,1279.0,0.551,109.0,287.0,0.38,596.0,992.0,0.601,0.594,533.0,605.0,0.881,37.0,249.0,286.0,422.0,91.0,51.0,142.0,136.0,2052.0,0.0
3.0,Jaylen Brown,29.0,BOS,SF,68.0,68.0,2336.0,704.0,1481.0,0.475,134.0,388.0,0.345,570.0,1093.0,0.522,0.521,412.0,517.0,0.797,78.0,396.0,474.0,357.0,68.0,26.0,242.0,183.0,1954.0,3.0
4.0,Kevin Durant,37.0,HOU,SF,74.0,74.0,2690.0,675.0,1303.0,0.518,175.0,428.0,0.409,500.0,875.0,0.571,0.585,384.0,438.0,0.877,38.0,362.0,400.0,349.0,61.0,66.0,235.0,133.0,1909.0,0.0
5.0,Tyrese Maxey,25.0,PHI,PG,66.0,66.0,2523.0,660.0,1424.0,0.463,211.0,570.0,0.37,449.0,854.0,0.526,0.538,357.0,401.0,0.89,19.0,255.0,274.0,442.0,127.0,55.0,161.0,143.0,1888.0,0.0
6.0,Donovan Mitchell,29.0,CLE,SG,68.0,68.0,2275.0,650.0,1357.0,0.479,221.0,605.0,0.365,429.0,752.0,0.57,0.56,362.0,419.0,0.864,48.0,255.0,303.0,388.0,103.0,19.0,193.0,158.0,1883.0,0.0
7.0,Jamal Murray,28.0,DEN,PG,73.0,73.0,2579.0,642.0,1328.0,0.483,237.0,546.0,0.434,405.0,782.0,0.518,0.573,338.0,382.0,0.885,32.0,290.0,322.0,523.0,66.0,27.0,167.0,127.0,1859.0,0.0
8.0,Jalen Brunson,29.0,NYK,PG,71.0,71.0,2482.0,656.0,1412.0,0.465,188.0,508.0,0.37,468.0,904.0,0.518,0.531,343.0,407.0,0.843,31.0,209.0,240.0,478.0,53.0,8.0,168.0,165.0,1843.0,0.0
9.0,Anthony Edwards,24.0,MIN,SG,60.0,59.0,2109.0,595.0,1217.0,0.489,202.0,507.0,0.398,393.0,710.0,0.554,0.572,343.0,431.0,0.796,35.0,265.0,300.0,223.0,83.0,49.0,170.0,114.0,1735.0,0.0
10.0,Nikola Jokić,30.0,DEN,C,62.0,62.0,2172.0,617.0,1081.0,0.571,110.0,287.0,0.383,507.0,794.0,0.639,0.622,383.0,463.0,0.827,177.0,621.0,798.0,673.0,85.0,50.0,235.0,170.0,1727.0,32.0
11.0,Kawhi Leonard,34.0,LAC,SF,61.0,61.0,1957.0,597.0,1183.0,0.505,160.0,416.0,0.385,437.0,767.0,0.57,0.572,355.0,395.0,0.899,65.0,322.0,387.0,220.0,119.0,27.0,125.0,74.0,1709.0,0.0
12.0,Julius Randle,31.0,MIN,PF,77.0,77.0,2550.0,566.0,1178.0,0.48,105.0,334.0,0.314,461.0,844.0,0.546,0.525,385.0,481.0,0.8,128.0,394.0,522.0,390.0,86.0,18.0,211.0,221.0,1622.0,3.0
13.0,James Harden,36.0,LAC/CLE,PG,67.0,67.0,2345.0,467.0,1070.0,0.436,204.0,546.0,0.374,263.0,524.0,0.502,0.532,445.0,505.0,0.881,39.0,288.0,327.0,541.0,74.0,27.0,236.0,131.0,1583.0,2.0
14.0,Devin Booker,29.0,PHO,SG,61.0,61.0,2035.0,517.0,1133.0,0.456,115.0,351.0,0.328,402.0,782.0,0.514,0.507,421.0,485.0,0.868,46.0,190.0,236.0,365.0,50.0,18.0,193.0,160.0,1570.0,0.0
15.0,Jalen Johnson,24.0,ATL,SF,69.0,69.0,2432.0,582.0,1181.0,0.493,115.0,328.0,0.351,467.0,853.0,0.547,0.541,291.0,371.0,0.784,96.0,613.0,709.0,553.0,87.0,31.0,232.0,141.0,1570.0,13.0
16.0,Desmond Bane,27.0,ORL,SG,77.0,77.0,2625.0,555.0,1144.0,0.485,158.0,404.0,0.391,397.0,740.0,0.536,0.554,299.0,325.0,0.92,93.0,229.0,322.0,322.0,79.0,32.0,156.0,239.0,1567.0,0.0
17.0,Nickeil Alexander-Walker,27.0,ATL,SG,75.0,68.0,2493.0,519.0,1144.0,0.454,237.0,601.0,0.394,282.0,543.0,0.519,0.557,270.0,300.0,0.9,50.0,211.0,261.0,280.0,98.0,40.0,156.0,166.0,1545.0,0.0
18.0,Victor Wembanyama,22.0,SAS,C,62.0,53.0,1824.0,532.0,1046.0,0.509,119.0,340.0,0.35,413.0,706.0,0.585,0.565,360.0,435.0,0.828,127.0,591.0,718.0,193.0,65.0,192.0,151.0,154.0,1543.0,1.0
19.0,Brandon Ingram,28.0,TOR,SF,72.0,72.0,2437.0,571.0,1211.0,0.472,127.0,337.0,0.377,444.0,874.0,0.508,0.524,269.0,328.0,0.82,59.0,342.0,401.0,262.0,54.0,53.0,179.0,141.0,1538.0,0.0
20.0,Cade Cunningham,24.0,DET,PG,61.0,61.0,2096.0,532.0,1153.0,0.461,123.0,355.0,0.346,409.0,798.0,0.513,0.515,310.0,381.0,0.814,53.0,287.0,340.0,603.0,90.0,52.0,226.0,192.0,1497.0,3.0
21.0,Paolo Banchero,23.0,ORL,PF,67.0,67.0,2332.0,493.0,1079.0,0.457,81.0,260.0,0.312,412.0,819.0,0.503,0.494,421.0,543.0,0.775,77.0,479.0,556.0,340.0,43.0,39.0,203.0,135.0,1488.0,2.0
22.0,Pascal Siakam,31.0,IND,PF,62.0,62.0,2057.0,559.0,1155.0,0.484,105.0,293.0,0.358,454.0,862.0,0.527,0.529,262.0,378.0,0.693,89.0,322.0,411.0,236.0,69.0,25.0,138.0,147.0,1485.0,0.0
23.0,Deni Avdija,25.0,POR,SF,62.0,62.0,2054.0,453.0,990.0,0.458,117.0,369.0,0.317,336.0,621.0,0.541,0.517,460.0,576.0,0.799,72.0,362.0,434.0,414.0,49.0,39.0,237.0,158.0,1483.0,3.0
24.0,Kon Knueppel,20.0,CHO,SF,77.0,76.0,2424.0,497.0,1028.0,0.483,264.0,612.0,0.431,233.0,416.0,0.56,0.612,192.0,222.0,0.865,91.0,322.0,413.0,260.0,54.0,18.0,150.0,160.0,1450.0,0.0
25.0,Karl-Anthony Towns,30.0,NYK,C,72.0,72.0,2230.0,494.0,996.0,0.496,109.0,296.0,0.368,385.0,700.0,0.55,0.551,348.0,407.0,0.855,228.0,627.0,855.0,211.0,61.0,39.0,182.0,247.0,1445.0,1.0
26.0,Trey Murphy III,25.0,NOP,SF,66.0,66.0,2341.0,494.0,1050.0,0.47,214.0,565.0,0.379,280.0,485.0,0.577,0.572,218.0,246.0,0.886,63.0,314.0,377.0,250.0,99.0,24.0,120.0,138.0,1420.0,0.0
27.0,DeMar DeRozan,36.0,SAC,PF,76.0,76.0,2395.0,495.0,1000.0,0.495,46.0,146.0,0.315,449.0,854.0,0.526,0.518,374.0,431.0,0.868,35.0,191.0,226.0,316.0,80.0,22.0,95.0,149.0,1410.0,0.0
28.0,Alperen Şengün,23.0,HOU,C,68.0,68.0,2271.0,554.0,1062.0,0.522,39.0,124.0,0.315,515.0,938.0,0.549,0.54,253.0,369.0,0.686,200.0,402.0,602.0,420.0,84.0,74.0,213.0,222.0,1400.0,4.0
29.0,Bam Adebayo,28.0,MIA,C,69.0,69.0,2223.0,477.0,1086.0,0.439,120.0,379.0,0.317,357.0,707.0,0.505,0.494,318.0,409.0,0.778,142.0,549.0,691.0,210.0,80.0,45.0,117.0,118.0,1392.0,0.0
30.0,Scottie Barnes,24.0,TOR,PF,75.0,75.0,2528.0,536.0,1063.0,0.504,64.0,216.0,0.296,472.0,847.0,0.557,0.534,231.0,284.0,0.813,144.0,422.0,566.0,442.0,109.0,112.0,202.0,205.0,1367.0,2.0
31.0,CJ McCollum,34.0,WAS/ATL,PG,73.0,57.0,2173.0,501.0,1103.0,0.454,182.0,491.0,0.371,319.0,612.0,0.521,0.537,182.0,235.0,0.774,59.0,182.0,241.0,279.0,58.0,31.0,129.0,136.0,1366.0,0.0
32.0,Cooper Flagg,19.0,DAL,SF,65.0,65.0,2197.0,515.0,1091.0,0.472,66.0,225.0,0.293,449.0,866.0,0.518,0.502,253.0,310.0,0.816,80.0,348.0,428.0,293.0,80.0,61.0,154.0,136.0,1349.0,0.0
33.0,Amen Thompson,23.0,HOU,PG,75.0,75.0,2795.0,515.0,981.0,0.525,25.0,112.0,0.223,490.0,869.0,0.564,0.538,288.0,369.0,0.78,223.0,363.0,586.0,394.0,110.0,47.0,177.0,163.0,1343.0,0.0
34.0,LaMelo Ball,24.0,CHO,PG,68.0,65.0,1888.0,467.0,1159.0,0.403,248.0,679.0,0.365,219.0,480.0,0.456,0.51,146.0,164.0,0.89,59.0,268.0,327.0,486.0,81.0,15.0,185.0,183.0,1328.0,1.0
35.0,Jalen Duren,22.0,DET,C,67.0,67.0,1895.0,499.0,774.0,0.645,0.0,0.0,,499.0,774.0,0.645,0.645,308.0,412.0,0.748,255.0,455.0,710.0,127.0,56.0,58.0,123.0,186.0,1306.0,0.0
36.0,Zion Williamson,25.0,NOP,PF,61.0,54.0,1813.0,479.0,796.0,0.602,1.0,4.0,0.25,478.0,792.0,0.604,0.602,326.0,456.0,0.715,124.0,222.0,346.0,197.0,60.0,33.0,125.0,138.0,1285.0,0.0
37.0,Keyonte George,22.0,UTA,PG,54.0,54.0,1786.0,402.0,881.0,0.456,134.0,361.0,0.371,268.0,520.0,0.515,0.532,337.0,378.0,0.892,23.0,176.0,199.0,332.0,58.0,14.0,166.0,120.0,1275.0,0.0
38.0,Payton Pritchard,28.0,BOS,PG,75.0,50.0,2431.0,478.0,1037.0,0.461,199.0,535.0,0.372,279.0,502.0,0.556,0.557,117.0,132.0,0.886,65.0,236.0,301.0,386.0,54.0,10.0,103.0,110.0,1272.0,0.0
39.0,Miles Bridges,27.0,CHO,PF,73.0,73.0,2274.0,458.0,1006.0,0.455,142.0,431.0,0.329,316.0,575.0,0.55,0.526,201.0,242.0,0.831,69.0,352.0,421.0,230.0,46.0,32.0,104.0,127.0,1259.0,0.0
40.0,Michael Porter Jr.,27.0,BRK,SF,52.0,52.0,1689.0,444.0,958.0,0.463,176.0,485.0,0.363,268.0,473.0,0.567,0.555,195.0,227.0,0.859,69.0,298.0,367.0,158.0,55.0,13.0,122.0,116.0,1259.0,0.0
41.0,De'Aaron Fox,28.0,SAS,PG,68.0,68.0,2109.0,478.0,980.0,0.488,121.0,366.0,0.331,357.0,614.0,0.581,0.549,179.0,235.0,0.762,41.0,217.0,258.0,419.0,84.0,17.0,155.0,154.0,1256.0,0.0
42.0,Brandon Miller,23.0,CHO,SF,61.0,61.0,1842.0,429.0,981.0,0.437,196.0,500.0,0.392,233.0,481.0,0.484,0.537,189.0,212.0,0.892,63.0,244.0,307.0,210.0,60.0,43.0,158.0,171.0,1243.0,0.0
43.0,Saddiq Bey,26.0,NOP,SF,71.0,63.0,2207.0,426.0,943.0,0.452,148.0,404.0,0.366,278.0,539.0,0.516,0.53,239.0,284.0,0.842,119.0,275.0,394.0,181.0,66.0,7.0,67.0,91.0,1239.0,0.0
44.0,Matas Buzelis,21.0,CHI,PF,76.0,76.0,2222.0,440.0,946.0,0.465,173.0,486.0,0.356,267.0,460.0,0.58,0.557,185.0,235.0,0.787,77.0,363.0,440.0,155.0,54.0,113.0,157.0,177.0,1238.0,0.0
45.0,Ryan Rollins,23.0,MIL,PG,72.0,65.0,2310.0,468.0,995.0,0.47,179.0,440.0,0.407,289.0,555.0,0.521,0.56,119.0,151.0,0.788,52.0,280.0,332.0,405.0,107.0,30.0,196.0,190.0,1234.0,0.0
46.0,Derrick White,31.0,BOS,SG,73.0,73.0,2500.0,424.0,1077.0,0.394,200.0,617.0,0.324,224.0,460.0,0.487,0.487,180.0,200.0,0.9,82.0,244.0,326.0,399.0,84.0,98.0,131.0,117.0,1228.0,0.0
47.0,Norman Powell,32.0,MIA,SG,55.0,52.0,1654.0,407.0,861.0,0.473,151.0,393.0,0.384,256.0,468.0,0.547,0.56,250.0,303.0,0.825,20.0,178.0,198.0,141.0,63.0,14.0,107.0,124.0,1215.0,0.0
48.0,Austin Reaves,27.0,LAL,SG,51.0,45.0,1762.0,373.0,762.0,0.49,118.0,328.0,0.36,255.0,434.0,0.588,0.567,323.0,371.0,0.871,33.0,207.0,240.0,280.0,56.0,20.0,151.0,110.0,1187.0,0.0
49.0,LeBron James,41.0,LAL,SF,56.0,56.0,1870.0,434.0,849.0,0.511,71.0,227.0,0.313,363.0,622.0,0.584,0.553,215.0,289.0,0.744,43.0,294.0,337.0,388.0,62.0,34.0,165.0,78.0,1154.0,3.0
50.0,Mikal Bridges,29.0,NYK,SF,78.0,78.0,2596.0,456.0,936.0,0.487,152.0,410.0,0.371,304.0,526.0,0.578,0.568,79.0,95.0,0.832,76.0,228.0,304.0,293.0,102.0,61.0,82.0,154.0,1143.0,0.0
51.0,VJ Edgecombe,20.0,PHI,SG,71.0,71.0,2472.0,427.0,973.0,0.439,143.0,399.0,0.358,284.0,574.0,0.495,0.512,143.0,173.0,0.827,115.0,278.0,393.0,288.0,100.0,37.0,130.0,205.0,1140.0,0.0
52.0,Jabari Smith Jr.,22.0,HOU,PF,73.0,73.0,2561.0,411.0,917.0,0.448,164.0,455.0,0.36,247.0,462.0,0.535,0.538,151.0,194.0,0.778,106.0,397.0,503.0,139.0,56.0,67.0,99.0,179.0,1137.0,0.0
53.0,Immanuel Quickley,26.0,TOR,PG,67.0,67.0,2174.0,394.0,886.0,0.445,174.0,465.0,0.374,220.0,421.0,0.523,0.543,170.0,207.0,0.821,36.0,237.0,273.0,402.0,87.0,5.0,101.0,136.0,1132.0,0.0
54.0,Evan Mobley,24.0,CLE,PF,62.0,60.0,1991.0,447.0,821.0,0.544,61.0,204.0,0.299,386.0,617.0,0.626,0.582,169.0,279.0,0.606,147.0,408.0,555.0,226.0,48.0,109.0,114.0,155.0,1124.0,0.0
55.0,Lauri Markkanen,28.0,UTA,PF,42.0,42.0,1443.0,384.0,805.0,0.477,115.0,324.0,0.355,269.0,481.0,0.559,0.548,240.0,268.0,0.896,84.0,205.0,289.0,89.0,42.0,21.0,63.0,77.0,1123.0,0.0
56.0,Chet Holmgren,23.0,OKC,PF,66.0,66.0,1922.0,410.0,745.0,0.55,80.0,231.0,0.346,330.0,514.0,0.642,0.604,215.0,269.0,0.799,125.0,459.0,584.0,109.0,39.0,121.0,102.0,151.0,1115.0,0.0
57.0,Naji Marshall,28.0,DAL,SF,72.0,45.0,2132.0,411.0,802.0,0.512,62.0,210.0,0.295,349.0,592.0,0.59,0.551,225.0,294.0,0.765,65.0,275.0,340.0,234.0,77.0,6.0,116.0,138.0,1109.0,0.0
58.0,Stephon Castle,21.0,SAS,PG,66.0,65.0,1978.0,376.0,794.0,0.474,78.0,239.0,0.326,298.0,555.0,0.537,0.523,274.0,374.0,0.733,95.0,246.0,341.0,480.0,75.0,19.0,213.0,215.0,1104.0,4.0
59.0,Onyeka Okongwu,25.0,ATL,C,71.0,60.0,2201.0,401.0,832.0,0.482,141.0,372.0,0.379,260.0,460.0,0.565,0.567,148.0,196.0,0.755,133.0,411.0,544.0,229.0,81.0,77.0,124.0,239.0,1091.0,0.0
60.0,OG Anunoby,28.0,NYK,PF,64.0,64.0,2135.0,377.0,776.0,0.486,150.0,387.0,0.388,227.0,389.0,0.584,0.582,177.0,215.0,0.823,83.0,254.0,337.0,140.0,102.0,46.0,119.0,158.0,1081.0,0.0
61.0,Jaime Jaquez Jr.,24.0,MIA,SF,71.0,1.0,2009.0,432.0,863.0,0.501,51.0,167.0,0.305,381.0,696.0,0.547,0.53,165.0,214.0,0.771,92.0,270.0,362.0,332.0,51.0,21.0,143.0,132.0,1080.0,0.0
62.0,Dillon Brooks,30.0,PHO,SF,52.0,52.0,1581.0,392.0,896.0,0.438,121.0,349.0,0.347,271.0,547.0,0.495,0.505,161.0,188.0,0.856,40.0,149.0,189.0,91.0,52.0,8.0,91.0,173.0,1066.0,0.0
63.0,Stephen Curry,37.0,GSW,PG,39.0,39.0,1222.0,348.0,744.0,0.468,175.0,448.0,0.391,173.0,296.0,0.584,0.585,190.0,204.0,0.931,16.0,122.0,138.0,189.0,44.0,16.0,111.0,74.0,1061.0,0.0
64.0,Jerami Grant,31.0,POR,PF,57.0,38.0,1695.0,331.0,730.0,0.453,136.0,350.0,0.389,195.0,380.0,0.513,0.547,262.0,322.0,0.814,55.0,143.0,198.0,122.0,42.0,36.0,119.0,142.0,1060.0,0.0
65.0,Tim Hardaway Jr.,33.0,DEN,SG,77.0,5.0,2057.0,338.0,750.0,0.451,217.0,528.0,0.411,121.0,222.0,0.545,0.595,157.0,193.0,0.813,16.0,184.0,200.0,102.0,40.0,9.0,42.0,94.0,1050.0,0.0
66.0,Jaden McDaniels,25.0,MIN,PF,71.0,71.0,2262.0,401.0,774.0,0.518,102.0,242.0,0.421,299.0,532.0,0.562,0.584,146.0,174.0,0.839,74.0,227.0,301.0,195.0,80.0,69.0,129.0,240.0,1050.0,0.0
67.0,Reed Sheppard,21.0,HOU,SG,77.0,18.0,2037.0,384.0,892.0,0.43,215.0,543.0,0.396,169.0,349.0,0.484,0.551,67.0,83.0,0.807,27.0,199.0,226.0,267.0,116.0,52.0,120.0,161.0,1050.0,0.0
68.0,Brice Sensabaugh,22.0,UTA,SF,72.0,20.0,1679.0,373.0,811.0,0.46,151.0,416.0,0.363,222.0,395.0,0.562,0.553,152.0,185.0,0.822,56.0,166.0,222.0,133.0,52.0,12.0,116.0,136.0,1049.0,0.0
69.0,Jeremiah Fears,19.0,NOP,PG,78.0,45.0,1952.0,391.0,906.0,0.432,95.0,277.0,0.343,296.0,629.0,0.471,0.484,161.0,205.0,0.785,53.0,226.0,279.0,255.0,87.0,28.0,170.0,138.0,1038.0,0.0
70.0,Brandin Podziemski,22.0,GSW,SG,77.0,38.0,2189.0,363.0,804.0,0.451,141.0,382.0,0.369,222.0,422.0,0.526,0.539,171.0,219.0,0.781,71.0,337.0,408.0,294.0,85.0,15.0,124.0,132.0,1038.0,0.0
71.0,Toumani Camara,25.0,POR,PF,78.0,78.0,2590.0,367.0,836.0,0.439,203.0,555.0,0.366,164.0,281.0,0.584,0.56,95.0,135.0,0.704,124.0,283.0,407.0,190.0,89.0,33.0,141.0,225.0,1032.0,0.0
72.0,Shaedon Sharpe,22.0,POR,SG,48.0,42.0,1439.0,386.0,847.0,0.456,101.0,297.0,0.34,285.0,550.0,0.518,0.515,152.0,194.0,0.784,48.0,164.0,212.0,126.0,68.0,6.0,144.0,95.0,1025.0,0.0
73.0,RJ Barrett,25.0,TOR,SF,53.0,53.0,1596.0,373.0,753.0,0.495,92.0,266.0,0.346,281.0,487.0,0.577,0.556,181.0,255.0,0.71,48.0,230.0,278.0,178.0,40.0,17.0,93.0,136.0,1019.0,0.0
74.0,Keldon Johnson,26.0,SAS,SF,78.0,0.0,1812.0,390.0,743.0,0.525,95.0,255.0,0.373,295.0,488.0,0.605,0.589,138.0,173.0,0.798,125.0,286.0,411.0,106.0,42.0,9.0,66.0,155.0,1013.0,0.0
75.0,Naz Reid,26.0,MIN,C,74.0,2.0,1935.0,381.0,836.0,0.456,158.0,434.0,0.364,223.0,402.0,0.555,0.55,88.0,120.0,0.733,85.0,378.0,463.0,166.0,71.0,75.0,122.0,187.0,1008.0,0.0
76.0,Andrew Wiggins,30.0,MIA,SF,64.0,64.0,1960.0,376.0,787.0,0.478,131.0,314.0,0.417,245.0,473.0,0.518,0.561,118.0,150.0,0.787,110.0,208.0,318.0,172.0,74.0,68.0,95.0,146.0,1001.0,0.0
77.0,Giannis Antetokounmpo,31.0,MIL,PF,36.0,36.0,1039.0,373.0,598.0,0.624,15.0,45.0,0.333,358.0,553.0,0.647,0.636,232.0,357.0,0.65,98.0,254.0,352.0,196.0,34.0,24.0,115.0,86.0,993.0,0.0
78.0,Joel Embiid,31.0,PHI,C,37.0,37.0,1162.0,333.0,678.0,0.491,51.0,153.0,0.333,282.0,525.0,0.537,0.529,270.0,316.0,0.854,70.0,211.0,281.0,149.0,21.0,42.0,105.0,79.0,987.0,1.0
79.0,Collin Gillespie,26.0,PHO,PG,76.0,57.0,2191.0,342.0,811.0,0.422,227.0,557.0,0.408,115.0,254.0,0.453,0.562,74.0,85.0,0.871,81.0,230.0,311.0,363.0,95.0,15.0,121.0,127.0,985.0,0.0
80.0,Russell Westbrook,37.0,SAC,SF,64.0,58.0,1853.0,358.0,839.0,0.427,128.0,379.0,0.338,230.0,460.0,0.5,0.503,127.0,183.0,0.694,80.0,268.0,348.0,426.0,83.0,12.0,209.0,147.0,971.0,6.0
81.0,Ayo Dosunmu,26.0,CHI/MIN,SG,66.0,17.0,1787.0,366.0,711.0,0.515,121.0,271.0,0.446,245.0,440.0,0.557,0.6,118.0,136.0,0.868,45.0,183.0,228.0,242.0,55.0,18.0,89.0,124.0,971.0,1.0
82.0,Andrew Nembhard,26.0,IND,PG,57.0,57.0,1786.0,333.0,753.0,0.442,107.0,296.0,0.361,226.0,457.0,0.495,0.513,193.0,234.0,0.825,25.0,135.0,160.0,437.0,51.0,8.0,137.0,126.0,966.0,0.0
83.0,Collin Sexton,27.0,CHO/CHI,SG,63.0,17.0,1463.0,325.0,663.0,0.49,106.0,260.0,0.408,219.0,403.0,0.543,0.57,203.0,236.0,0.86,29.0,100.0,129.0,208.0,62.0,10.0,127.0,126.0,959.0,0.0
84.0,Quentin Grimes,25.0,PHI,SG,71.0,19.0,2112.0,323.0,714.0,0.452,121.0,365.0,0.332,202.0,349.0,0.579,0.537,190.0,227.0,0.837,45.0,218.0,263.0,238.0,62.0,28.0,129.0,145.0,957.0,0.0
85.0,Donte DiVincenzo,29.0,MIN,SG,77.0,77.0,2379.0,322.0,790.0,0.408,231.0,606.0,0.381,91.0,184.0,0.495,0.554,75.0,99.0,0.758,65.0,259.0,324.0,299.0,100.0,32.0,113.0,185.0,950.0,0.0
86.0,Ace Bailey,19.0,UTA,SF,69.0,58.0,1896.0,372.0,838.0,0.444,131.0,376.0,0.348,241.0,462.0,0.522,0.522,66.0,86.0,0.767,99.0,186.0,285.0,126.0,56.0,45.0,98.0,187.0,941.0,0.0
87.0,Nikola Vučević,35.0,CHI/BOS,C,60.0,49.0,1740.0,382.0,770.0,0.496,95.0,255.0,0.373,287.0,515.0,0.557,0.558,76.0,91.0,0.835,120.0,397.0,517.0,203.0,37.0,40.0,80.0,119.0,935.0,0.0
88.0,Jaren Jackson Jr.,26.0,MEM/UTA,C,48.0,48.0,1454.0,342.0,719.0,0.476,84.0,235.0,0.357,258.0,484.0,0.533,0.534,163.0,203.0,0.803,42.0,230.0,272.0,94.0,53.0,69.0,107.0,179.0,931.0,0.0
89.0,Josh Giddey,23.0,CHI,PG,54.0,51.0,1731.0,321.0,717.0,0.448,103.0,283.0,0.364,218.0,434.0,0.502,0.52,174.0,228.0,0.763,67.0,381.0,448.0,494.0,55.0,27.0,196.0,90.0,919.0,13.0
90.0,Anthony Black,22.0,ORL,PG,60.0,40.0,1841.0,332.0,736.0,0.451,96.0,283.0,0.339,236.0,453.0,0.521,0.516,157.0,215.0,0.73,44.0,188.0,232.0,229.0,86.0,41.0,125.0,159.0,917.0,0.0
91.0,Bobby Portis,30.0,MIL,PF,67.0,9.0,1619.0,366.0,750.0,0.488,135.0,296.0,0.456,231.0,454.0,0.509,0.578,48.0,68.0,0.706,89.0,339.0,428.0,105.0,41.0,12.0,66.0,110.0,915.0,0.0
92.0,Bennedict Mathurin,23.0,IND/LAC,SF,49.0,25.0,1505.0,278.0,638.0,0.436,72.0,225.0,0.32,206.0,413.0,0.499,0.492,277.0,318.0,0.871,51.0,219.0,270.0,110.0,38.0,12.0,109.0,132.0,905.0,0.0
93.0,Duncan Robinson,31.0,DET,SF,74.0,74.0,2041.0,300.0,669.0,0.448,212.0,519.0,0.408,88.0,150.0,0.587,0.607,79.0,104.0,0.76,29.0,170.0,199.0,153.0,42.0,22.0,51.0,165.0,891.0,0.0
94.0,Devin Vassell,25.0,SAS,SG,63.0,61.0,1923.0,312.0,713.0,0.438,159.0,409.0,0.389,153.0,304.0,0.503,0.549,102.0,125.0,0.816,35.0,216.0,251.0,158.0,52.0,25.0,55.0,101.0,885.0,0.0
95.0,Kyle Kuzma,30.0,MIL,PF,67.0,42.0,1763.0,334.0,682.0,0.49,82.0,238.0,0.345,252.0,444.0,0.568,0.55,134.0,185.0,0.724,56.0,252.0,308.0,173.0,45.0,26.0,110.0,132.0,884.0,0.0
96.0,Julian Champagnie,24.0,SAS,SF,78.0,64.0,2160.0,289.0,662.0,0.437,192.0,498.0,0.386,97.0,164.0,0.591,0.582,111.0,132.0,0.841,69.0,380.0,449.0,120.0,61.0,33.0,68.0,126.0,881.0,0.0
97.0,Wendell Carter Jr.,26.0,ORL,C,73.0,73.0,2162.0,312.0,609.0,0.512,71.0,219.0,0.324,241.0,390.0,0.618,0.571,184.0,228.0,0.807,152.0,396.0,548.0,147.0,59.0,45.0,95.0,251.0,879.0,0.0
98.0,Max Christie,22.0,DAL,SG,72.0,63.0,2114.0,302.0,681.0,0.443,168.0,415.0,0.405,134.0,266.0,0.504,0.567,107.0,120.0,0.892,15.0,224.0,239.0,143.0,42.0,24.0,92.0,96.0,879.0,0.0
99.0,Donovan Clingan,21.0,POR,C,73.0,73.0,1983.0,334.0,642.0,0.52,74.0,226.0,0.327,260.0,416.0,0.625,0.578,132.0,196.0,0.673,329.0,517.0,846.0,154.0,43.0,122.0,93.0,174.0,874.0,0.0
100.0,Derik Queen,21.0,NOP,C,77.0,45.0,1888.0,327.0,693.0,0.472,22.0,83.0,0.265,305.0,610.0,0.5,0.488,198.0,250.0,0.792,126.0,397.0,523.0,282.0,78.0,68.0,176.0,203.0,874.0,2.0
101.0,John Collins,28.0,LAC,PF,64.0,54.0,1758.0,337.0,602.0,0.56,83.0,202.0,0.411,254.0,400.0,0.635,0.629,111.0,142.0,0.782,97.0,239.0,336.0,64.0,55.0,48.0,84.0,175.0,868.0,0.0
102.0,Dyson Daniels,22.0,ATL,SG,73.0,73.0,2419.0,387.0,745.0,0.519,20.0,110.0,0.182,367.0,635.0,0.578,0.533,71.0,114.0,0.623,172.0,319.0,491.0,428.0,143.0,30.0,132.0,152.0,865.0,1.0
103.0,Jaylen Wells,22.0,MEM,SG,69.0,69.0,1821.0,301.0,698.0,0.431,129.0,365.0,0.353,172.0,333.0,0.517,0.524,134.0,171.0,0.784,61.0,159.0,220.0,111.0,61.0,9.0,74.0,148.0,865.0,0.0
104.0,Kyle Filipowski,22.0,UTA,C,75.0,39.0,1745.0,310.0,623.0,0.498,73.0,219.0,0.333,237.0,404.0,0.587,0.556,157.0,209.0,0.751,137.0,395.0,532.0,187.0,73.0,38.0,122.0,224.0,850.0,0.0
105.0,Maxime Raynaud,22.0,SAC,C,70.0,52.0,1828.0,355.0,623.0,0.57,19.0,64.0,0.297,336.0,559.0,0.601,0.585,121.0,154.0,0.786,133.0,383.0,516.0,91.0,35.0,36.0,84.0,166.0,850.0,0.0
106.0,Brandon Williams,26.0,DAL,PG,65.0,15.0,1438.0,287.0,610.0,0.47,36.0,154.0,0.234,251.0,456.0,0.55,0.5,236.0,297.0,0.795,30.0,159.0,189.0,251.0,60.0,20.0,125.0,101.0,846.0,0.0
107.0,Jarace Walker,22.0,IND,PF,73.0,38.0,1866.0,292.0,693.0,0.421,127.0,338.0,0.376,165.0,355.0,0.465,0.513,131.0,174.0,0.753,46.0,326.0,372.0,177.0,58.0,24.0,130.0,121.0,842.0,0.0
108.0,Sandro Mamukelashvili,26.0,TOR,C,75.0,13.0,1643.0,313.0,598.0,0.523,106.0,277.0,0.383,207.0,321.0,0.645,0.612,109.0,146.0,0.747,104.0,265.0,369.0,139.0,61.0,41.0,62.0,142.0,841.0,0.0
109.0,Jaylon Tyson,23.0,CLE,SG,64.0,40.0,1727.0,317.0,639.0,0.496,130.0,286.0,0.455,187.0,353.0,0.53,0.598,75.0,101.0,0.743,116.0,212.0,328.0,141.0,50.0,26.0,94.0,161.0,839.0,0.0
110.0,Jarrett Allen,27.0,CLE,C,54.0,54.0,1465.0,328.0,512.0,0.641,1.0,10.0,0.1,327.0,502.0,0.651,0.642,174.0,245.0,0.71,140.0,319.0,459.0,99.0,52.0,45.0,70.0,95.0,831.0,0.0
111.0,Deandre Ayton,27.0,LAL,C,67.0,67.0,1830.0,374.0,555.0,0.674,0.0,0.0,,374.0,555.0,0.674,0.674,80.0,127.0,0.63,174.0,374.0,548.0,56.0,40.0,63.0,82.0,148.0,828.0,0.0
112.0,Coby White,25.0,CHI/CHO,SG,47.0,26.0,1197.0,264.0,595.0,0.444,107.0,304.0,0.352,157.0,291.0,0.54,0.534,186.0,226.0,0.823,17.0,150.0,167.0,196.0,25.0,5.0,121.0,105.0,821.0,0.0
113.0,Grayson Allen,30.0,PHO,SG,48.0,26.0,1413.0,265.0,654.0,0.405,157.0,446.0,0.352,108.0,208.0,0.519,0.525,132.0,155.0,0.852,31.0,111.0,142.0,190.0,64.0,12.0,76.0,109.0,819.0,0.0
114.0,Myles Turner,29.0,MIL,C,69.0,69.0,1863.0,272.0,622.0,0.437,145.0,375.0,0.387,127.0,247.0,0.514,0.554,125.0,169.0,0.74,71.0,291.0,362.0,100.0,48.0,108.0,83.0,180.0,814.0,0.0
115.0,Rudy Gobert,33.0,MIN,C,74.0,74.0,2317.0,327.0,477.0,0.686,0.0,5.0,0.0,327.0,472.0,0.693,0.686,158.0,299.0,0.528,293.0,557.0,850.0,123.0,56.0,121.0,101.0,196.0,812.0,0.0
116.0,Kel'el Ware,21.0,MIA,C,73.0,32.0,1624.0,328.0,620.0,0.529,84.0,219.0,0.384,244.0,401.0,0.608,0.597,71.0,94.0,0.755,212.0,455.0,667.0,49.0,57.0,82.0,60.0,116.0,811.0,0.0
117.0,Nic Claxton,26.0,BRK,C,69.0,68.0,1920.0,333.0,583.0,0.571,3.0,19.0,0.158,330.0,564.0,0.585,0.574,141.0,229.0,0.616,168.0,310.0,478.0,253.0,45.0,77.0,96.0,158.0,810.0,2.0
118.0,Noah Clowney,21.0,BRK,PF,66.0,60.0,1780.0,250.0,631.0,0.396,129.0,392.0,0.329,121.0,239.0,0.506,0.498,180.0,224.0,0.804,52.0,221.0,273.0,108.0,50.0,45.0,102.0,168.0,809.0,0.0
119.0,Tre Jones,26.0,CHI,PG,60.0,36.0,1619.0,301.0,545.0,0.552,37.0,115.0,0.322,264.0,430.0,0.614,0.586,166.0,202.0,0.822,35.0,151.0,186.0,326.0,71.0,11.0,86.0,84.0,805.0,0.0
120.0,Cedric Coward,22.0,MEM,SG,60.0,45.0,1559.0,290.0,625.0,0.464,88.0,265.0,0.332,202.0,360.0,0.561,0.534,136.0,161.0,0.845,81.0,272.0,353.0,166.0,38.0,25.0,105.0,123.0,804.0,0.0
121.0,Jrue Holiday,35.0,POR,PG,49.0,47.0,1426.0,297.0,649.0,0.458,129.0,332.0,0.389,168.0,317.0,0.53,0.557,78.0,94.0,0.83,63.0,156.0,219.0,298.0,53.0,5.0,136.0,70.0,801.0,0.0
122.0,Tobias Harris,33.0,DET,PF,60.0,60.0,1676.0,294.0,634.0,0.464,75.0,215.0,0.349,219.0,419.0,0.523,0.523,131.0,150.0,0.873,50.0,258.0,308.0,153.0,54.0,25.0,60.0,102.0,794.0,0.0
123.0,Bub Carrington,20.0,WAS,PG,77.0,43.0,2126.0,281.0,678.0,0.414,152.0,384.0,0.396,129.0,294.0,0.439,0.527,75.0,104.0,0.721,33.0,232.0,265.0,354.0,49.0,16.0,173.0,174.0,789.0,0.0
124.0,Cam Spencer,25.0,MEM,SG,71.0,19.0,1693.0,260.0,551.0,0.472,144.0,322.0,0.447,116.0,229.0,0.507,0.603,125.0,133.0,0.94,40.0,142.0,182.0,391.0,52.0,11.0,92.0,100.0,789.0,0.0
125.0,Peyton Watson,23.0,DEN,SF,54.0,40.0,1598.0,285.0,581.0,0.491,81.0,197.0,0.411,204.0,384.0,0.531,0.56,138.0,189.0,0.73,49.0,215.0,264.0,111.0,50.0,61.0,93.0,136.0,789.0,0.0
126.0,Anfernee Simons,26.0,BOS/CHI,SG,55.0,5.0,1372.0,285.0,648.0,0.44,146.0,379.0,0.385,139.0,269.0,0.517,0.552,69.0,77.0,0.896,31.0,104.0,135.0,134.0,27.0,8.0,68.0,94.0,785.0,0.0
127.0,Alex Sarr,20.0,WAS,C,48.0,48.0,1305.0,316.0,656.0,0.482,50.0,150.0,0.333,266.0,506.0,0.526,0.52,101.0,146.0,0.692,105.0,250.0,355.0,130.0,39.0,95.0,82.0,105.0,783.0,0.0
128.0,P.J. Washington,27.0,DAL,PF,55.0,52.0,1706.0,290.0,648.0,0.448,73.0,228.0,0.32,217.0,420.0,0.517,0.504,125.0,182.0,0.687,84.0,304.0,388.0,98.0,55.0,60.0,92.0,117.0,778.0,0.0
129.0,Klay Thompson,35.0,DAL,SF,66.0,8.0,1442.0,274.0,693.0,0.395,194.0,502.0,0.386,80.0,191.0,0.419,0.535,34.0,45.0,0.756,17.0,123.0,140.0,91.0,32.0,19.0,62.0,68.0,776.0,0.0
130.0,Darius Garland,26.0,CLE/LAC,PG,41.0,39.0,1224.0,282.0,607.0,0.465,115.0,282.0,0.408,167.0,325.0,0.514,0.559,96.0,113.0,0.85,17.0,79.0,96.0,278.0,38.0,7.0,122.0,71.0,775.0,0.0
131.0,Dylan Harper,19.0,SAS,SG,65.0,2.0,1454.0,310.0,613.0,0.506,57.0,171.0,0.333,253.0,442.0,0.572,0.552,84.0,113.0,0.743,49.0,169.0,218.0,251.0,51.0,21.0,93.0,131.0,761.0,0.0
132.0,Josh Hart,30.0,NYK,SF,63.0,49.0,1899.0,290.0,572.0,0.507,95.0,232.0,0.409,195.0,340.0,0.574,0.59,86.0,119.0,0.723,91.0,385.0,476.0,309.0,72.0,17.0,121.0,158.0,761.0,2.0
133.0,Jimmy Butler,36.0,GSW,SF,38.0,38.0,1182.0,240.0,462.0,0.519,32.0,85.0,0.376,208.0,377.0,0.552,0.554,248.0,287.0,0.864,88.0,123.0,211.0,185.0,55.0,8.0,60.0,46.0,760.0,0.0
134.0,Pelle Larsson,24.0,MIA,SG,67.0,52.0,1764.0,263.0,526.0,0.5,58.0,180.0,0.322,205.0,346.0,0.592,0.555,175.0,221.0,0.792,69.0,168.0,237.0,227.0,48.0,16.0,94.0,137.0,759.0,0.0
135.0,Ajay Mitchell,23.0,OKC,SG,54.0,15.0,1408.0,277.0,566.0,0.489,59.0,168.0,0.351,218.0,398.0,0.548,0.542,138.0,158.0,0.873,38.0,147.0,185.0,193.0,68.0,18.0,79.0,116.0,751.0,0.0
136.0,Malik Monk,27.0,SAC,SG,59.0,3.0,1329.0,268.0,618.0,0.434,120.0,306.0,0.392,148.0,312.0,0.474,0.531,94.0,107.0,0.879,15.0,100.0,115.0,183.0,35.0,22.0,85.0,98.0,750.0,0.0
137.0,Zach LaVine,30.0,SAC,SG,39.0,37.0,1224.0,262.0,547.0,0.479,99.0,254.0,0.39,163.0,293.0,0.556,0.569,125.0,142.0,0.88,8.0,100.0,108.0,89.0,28.0,10.0,74.0,81.0,748.0,0.0
138.0,Isaiah Joe,26.0,OKC,SG,68.0,9.0,1452.0,232.0,520.0,0.446,169.0,408.0,0.414,63.0,112.0,0.563,0.609,104.0,117.0,0.889,32.0,143.0,175.0,91.0,49.0,11.0,42.0,116.0,737.0,0.0
139.0,Royce O'Neale,32.0,PHO,SF,74.0,67.0,2129.0,252.0,602.0,0.419,204.0,501.0,0.407,48.0,101.0,0.475,0.588,26.0,36.0,0.722,55.0,301.0,356.0,202.0,81.0,30.0,100.0,170.0,734.0,0.0
140.0,Tre Johnson,19.0,WAS,SG,60.0,42.0,1443.0,271.0,647.0,0.419,115.0,321.0,0.358,156.0,326.0,0.479,0.508,76.0,87.0,0.874,29.0,141.0,170.0,122.0,33.0,18.0,93.0,122.0,733.0,0.0
141.0,Jay Huff,27.0,IND,C,77.0,46.0,1603.0,270.0,573.0,0.471,113.0,356.0,0.317,157.0,217.0,0.724,0.57,77.0,94.0,0.819,69.0,228.0,297.0,108.0,39.0,139.0,68.0,180.0,730.0,0.0
142.0,Neemias Queta,26.0,BOS,C,72.0,71.0,1830.0,304.0,473.0,0.643,0.0,7.0,0.0,304.0,466.0,0.652,0.643,121.0,173.0,0.699,212.0,392.0,604.0,115.0,58.0,95.0,74.0,203.0,729.0,0.0
143.0,Moses Moody,23.0,GSW,SG,60.0,49.0,1540.0,245.0,557.0,0.44,151.0,377.0,0.401,94.0,180.0,0.522,0.575,87.0,113.0,0.77,51.0,149.0,200.0,98.0,58.0,34.0,57.0,122.0,728.0,0.0
144.0,Harrison Barnes,33.0,SAS,PF,73.0,52.0,1889.0,248.0,548.0,0.453,135.0,345.0,0.391,113.0,203.0,0.557,0.576,96.0,116.0,0.828,61.0,146.0,207.0,144.0,48.0,12.0,58.0,78.0,727.0,0.0
145.0,Tristan Da Silva,24.0,ORL,SF,72.0,33.0,1784.0,264.0,587.0,0.45,117.0,305.0,0.384,147.0,282.0,0.521,0.549,81.0,91.0,0.89,55.0,211.0,266.0,111.0,65.0,24.0,61.0,112.0,726.0,0.0
146.0,Jock Landale,30.0,MEM/ATL,C,68.0,27.0,1506.0,282.0,548.0,0.515,74.0,193.0,0.383,208.0,355.0,0.586,0.582,80.0,126.0,0.635,183.0,204.0,387.0,115.0,35.0,36.0,60.0,150.0,718.0,0.0
147.0,Jalen Suggs,24.0,ORL,PG,52.0,51.0,1423.0,258.0,587.0,0.44,103.0,316.0,0.326,155.0,271.0,0.572,0.527,98.0,115.0,0.852,33.0,170.0,203.0,281.0,98.0,38.0,142.0,136.0,717.0,1.0
148.0,A.J. Green,26.0,MIL,SG,73.0,63.0,2097.0,232.0,555.0,0.418,204.0,497.0,0.41,28.0,58.0,0.483,0.602,48.0,57.0,0.842,23.0,169.0,192.0,143.0,35.0,7.0,67.0,167.0,716.0,0.0
149.0,Dennis Schröder,32.0,SAC/CLE,PG,66.0,16.0,1617.0,241.0,599.0,0.402,73.0,222.0,0.329,168.0,377.0,0.446,0.463,161.0,194.0,0.83,29.0,151.0,180.0,320.0,53.0,11.0,118.0,103.0,716.0,0.0
150.0,Kyshawn George,22.0,WAS,SF,48.0,48.0,1391.0,253.0,577.0,0.438,99.0,260.0,0.381,154.0,317.0,0.486,0.524,105.0,131.0,0.802,43.0,202.0,245.0,214.0,48.0,43.0,125.0,169.0,710.0,0.0
151.0,Rui Hachimura,27.0,LAL,PF,63.0,36.0,1773.0,274.0,542.0,0.506,105.0,244.0,0.43,169.0,298.0,0.567,0.602,44.0,60.0,0.733,36.0,164.0,200.0,50.0,34.0,20.0,38.0,99.0,697.0,0.0
152.0,Isaiah Collier,21.0,UTA,PG,59.0,19.0,1517.0,255.0,515.0,0.495,27.0,100.0,0.27,228.0,415.0,0.549,0.521,151.0,209.0,0.722,21.0,129.0,150.0,423.0,66.0,20.0,148.0,138.0,688.0,0.0
153.0,Will Riley,19.0,WAS,SF,69.0,16.0,1466.0,244.0,539.0,0.453,72.0,215.0,0.335,172.0,324.0,0.531,0.519,127.0,159.0,0.799,53.0,132.0,185.0,124.0,48.0,6.0,80.0,77.0,687.0,0.0
154.0,Ausar Thompson,23.0,DET,SF,69.0,68.0,1794.0,287.0,554.0,0.518,6.0,23.0,0.261,281.0,531.0,0.529,0.523,104.0,184.0,0.565,146.0,255.0,401.0,208.0,140.0,62.0,105.0,189.0,684.0,0.0
155.0,Precious Achiuwa,26.0,SAC,C,69.0,53.0,1631.0,295.0,548.0,0.538,27.0,88.0,0.307,268.0,460.0,0.583,0.563,66.0,118.0,0.559,167.0,297.0,464.0,89.0,63.0,47.0,59.0,118.0,683.0,0.0
156.0,Ivica Zubac,28.0,LAC/IND,C,48.0,47.0,1446.0,288.0,482.0,0.598,0.0,0.0,,288.0,482.0,0.598,0.598,101.0,142.0,0.711,162.0,347.0,509.0,105.0,18.0,40.0,86.0,112.0,677.0,0.0
157.0,Sam Hauser,28.0,BOS,PF,74.0,45.0,1832.0,237.0,567.0,0.418,186.0,477.0,0.39,51.0,90.0,0.567,0.582,16.0,19.0,0.842,54.0,231.0,285.0,103.0,38.0,23.0,34.0,108.0,676.0,0.0
158.0,GG Jackson II,21.0,MEM,PF,54.0,27.0,1160.0,252.0,505.0,0.499,63.0,190.0,0.332,189.0,315.0,0.6,0.561,108.0,147.0,0.735,49.0,181.0,230.0,78.0,30.0,42.0,84.0,75.0,675.0,0.0
159.0,Kevin Porter Jr.,25.0,MIL,PG,38.0,36.0,1261.0,239.0,514.0,0.465,46.0,143.0,0.322,193.0,371.0,0.52,0.51,137.0,156.0,0.878,34.0,164.0,198.0,280.0,83.0,19.0,110.0,88.0,661.0,2.0
160.0,Mark Williams,24.0,PHO,C,57.0,52.0,1342.0,267.0,419.0,0.637,1.0,1.0,1.0,266.0,418.0,0.636,0.638,125.0,163.0,0.767,176.0,280.0,456.0,57.0,52.0,53.0,60.0,124.0,660.0,0.0
161.0,Kelly Oubre Jr.,30.0,PHI,SF,46.0,37.0,1463.0,234.0,503.0,0.465,83.0,225.0,0.369,151.0,278.0,0.543,0.548,107.0,141.0,0.759,47.0,181.0,228.0,77.0,57.0,22.0,64.0,114.0,658.0,0.0
162.0,Kevin Huerter,27.0,CHI/DET,SF,66.0,13.0,1481.0,255.0,567.0,0.45,93.0,308.0,0.302,162.0,259.0,0.625,0.532,53.0,69.0,0.768,34.0,198.0,232.0,167.0,55.0,32.0,68.0,113.0,656.0,0.0
163.0,Tyler Herro,26.0,MIA,SG,30.0,25.0,952.0,234.0,486.0,0.481,79.0,207.0,0.382,155.0,279.0,0.556,0.563,96.0,104.0,0.923,14.0,125.0,139.0,118.0,22.0,12.0,59.0,54.0,643.0,0.0
164.0,Jake LaRavia,24.0,LAL,PF,77.0,39.0,1920.0,228.0,494.0,0.462,73.0,228.0,0.32,155.0,266.0,0.583,0.535,109.0,142.0,0.768,111.0,189.0,300.0,135.0,93.0,35.0,79.0,181.0,638.0,0.0
165.0,Daniss Jenkins,24.0,DET,PG,68.0,18.0,1364.0,222.0,535.0,0.415,71.0,185.0,0.384,151.0,350.0,0.431,0.481,121.0,148.0,0.818,48.0,105.0,153.0,258.0,60.0,14.0,104.0,101.0,636.0,0.0
166.0,Sam Merrill,29.0,CLE,SG,50.0,37.0,1322.0,214.0,465.0,0.46,152.0,361.0,0.421,62.0,104.0,0.596,0.624,56.0,65.0,0.862,28.0,103.0,131.0,120.0,29.0,7.0,42.0,122.0,636.0,0.0
167.0,Cason Wallace,22.0,OKC,SG,74.0,58.0,1980.0,244.0,564.0,0.433,95.0,276.0,0.344,149.0,288.0,0.517,0.517,53.0,66.0,0.803,61.0,168.0,229.0,195.0,145.0,27.0,71.0,149.0,636.0,0.0
168.0,Franz Wagner,24.0,ORL,SF,30.0,28.0,928.0,218.0,453.0,0.481,42.0,124.0,0.339,176.0,329.0,0.535,0.528,148.0,179.0,0.827,41.0,125.0,166.0,104.0,31.0,9.0,52.0,66.0,626.0,0.0
169.0,Cameron Johnson,29.0,DEN,SF,52.0,52.0,1581.0,214.0,454.0,0.471,107.0,249.0,0.43,107.0,205.0,0.522,0.589,90.0,107.0,0.841,40.0,157.0,197.0,123.0,39.0,21.0,44.0,119.0,625.0,0.0
170.0,Zaccharie Risacher,20.0,ATL,SF,64.0,45.0,1453.0,237.0,517.0,0.458,94.0,250.0,0.376,143.0,267.0,0.536,0.549,55.0,86.0,0.64,66.0,176.0,242.0,72.0,56.0,35.0,55.0,142.0,623.0,0.0
171.0,Aaron Nesmith,26.0,IND,SF,45.0,42.0,1335.0,212.0,512.0,0.414,105.0,277.0,0.379,107.0,235.0,0.455,0.517,92.0,111.0,0.829,48.0,139.0,187.0,86.0,26.0,23.0,63.0,124.0,621.0,0.0
172.0,Davion Mitchell,27.0,MIA,PG,67.0,67.0,1914.0,245.0,507.0,0.483,87.0,220.0,0.395,158.0,287.0,0.551,0.569,41.0,61.0,0.672,30.0,150.0,180.0,435.0,67.0,11.0,103.0,174.0,618.0,0.0
173.0,De'Andre Hunter,28.0,CLE/SAC,SF,45.0,25.0,1176.0,208.0,501.0,0.415,75.0,246.0,0.305,133.0,255.0,0.522,0.49,124.0,143.0,0.867,30.0,155.0,185.0,90.0,30.0,6.0,75.0,112.0,615.0,0.0
174.0,Bilal Coulibaly,21.0,WAS,SG,54.0,54.0,1422.0,214.0,515.0,0.416,61.0,198.0,0.308,153.0,317.0,0.483,0.475,124.0,166.0,0.747,44.0,191.0,235.0,139.0,74.0,51.0,79.0,129.0,613.0,0.0
175.0,Bruce Brown,29.0,DEN,SG,78.0,2.0,1894.0,231.0,492.0,0.47,55.0,141.0,0.39,176.0,351.0,0.501,0.525,89.0,117.0,0.761,81.0,213.0,294.0,159.0,80.0,19.0,83.0,184.0,606.0,0.0
176.0,Khris Middleton,34.0,WAS/DAL,SF,58.0,46.0,1353.0,216.0,514.0,0.42,61.0,174.0,0.351,155.0,340.0,0.456,0.48,111.0,128.0,0.867,49.0,171.0,220.0,167.0,41.0,9.0,102.0,137.0,604.0,0.0
177.0,Santi Aldama,25.0,MEM,PF,43.0,11.0,1198.0,228.0,476.0,0.479,70.0,200.0,0.35,158.0,276.0,0.572,0.553,76.0,114.0,0.667,67.0,220.0,287.0,126.0,37.0,31.0,55.0,69.0,602.0,0.0
178.0,Ron Holland,20.0,DET,SF,74.0,5.0,1468.0,221.0,513.0,0.431,42.0,182.0,0.231,179.0,331.0,0.541,0.472,117.0,146.0,0.801,81.0,221.0,302.0,90.0,88.0,24.0,92.0,169.0,601.0,0.0
179.0,Jordan Clarkson,33.0,NYK,SG,68.0,1.0,1223.0,227.0,504.0,0.45,70.0,210.0,0.333,157.0,294.0,0.534,0.52,75.0,91.0,0.824,60.0,60.0,120.0,90.0,28.0,9.0,59.0,115.0,599.0,0.0
180.0,Gui Santos,23.0,GSW,PF,65.0,28.0,1320.0,219.0,429.0,0.51,75.0,211.0,0.355,144.0,218.0,0.661,0.598,83.0,114.0,0.728,71.0,181.0,252.0,150.0,57.0,22.0,98.0,132.0,596.0,0.0
181.0,Luke Kennard,29.0,ATL/LAL,SG,73.0,1.0,1545.0,214.0,395.0,0.542,113.0,232.0,0.487,101.0,163.0,0.62,0.685,50.0,54.0,0.926,29.0,132.0,161.0,142.0,46.0,8.0,54.0,96.0,591.0,0.0
182.0,Paul George,35.0,PHI,PF,33.0,33.0,1018.0,205.0,464.0,0.442,92.0,232.0,0.397,113.0,232.0,0.487,0.541,84.0,100.0,0.84,20.0,158.0,178.0,124.0,58.0,16.0,57.0,76.0,586.0,0.0
183.0,Aaron Wiggins,27.0,OKC,SG,60.0,19.0,1330.0,220.0,507.0,0.434,91.0,255.0,0.357,129.0,252.0,0.512,0.524,52.0,70.0,0.743,39.0,152.0,191.0,100.0,55.0,26.0,77.0,76.0,583.0,0.0
184.0,Tari Eason,24.0,HOU,PF,55.0,33.0,1424.0,222.0,534.0,0.416,89.0,241.0,0.369,133.0,293.0,0.454,0.499,45.0,60.0,0.75,115.0,233.0,348.0,83.0,65.0,27.0,75.0,128.0,578.0,0.0
185.0,Jordan Goodwin,27.0,PHO,PG,67.0,7.0,1509.0,217.0,536.0,0.405,104.0,290.0,0.359,113.0,246.0,0.459,0.502,39.0,56.0,0.696,131.0,196.0,327.0,147.0,103.0,14.0,66.0,130.0,577.0,0.0
186.0,Marvin Bagley III,26.0,WAS/DAL,PF,56.0,10.0,1119.0,233.0,378.0,0.616,19.0,42.0,0.452,214.0,336.0,0.637,0.642,90.0,138.0,0.652,140.0,204.0,344.0,81.0,26.0,39.0,59.0,117.0,575.0,0.0
187.0,Simone Fontecchio,30.0,MIA,SF,69.0,8.0,1146.0,186.0,461.0,0.403,117.0,320.0,0.366,69.0,141.0,0.489,0.53,84.0,100.0,0.84,55.0,152.0,207.0,99.0,36.0,9.0,48.0,102.0,573.0,0.0
188.0,Ziaire Williams,24.0,BRK,SF,56.0,13.0,1281.0,184.0,433.0,0.425,86.0,251.0,0.343,98.0,182.0,0.538,0.524,119.0,140.0,0.85,30.0,104.0,134.0,60.0,76.0,21.0,59.0,116.0,573.0,0.0
189.0,Brook Lopez,37.0,LAC,C,70.0,35.0,1502.0,209.0,494.0,0.423,103.0,291.0,0.354,106.0,203.0,0.522,0.527,51.0,66.0,0.773,38.0,202.0,240.0,90.0,44.0,83.0,55.0,138.0,572.0,0.0
190.0,Nique Clifford,23.0,SAC,SG,71.0,24.0,1732.0,222.0,539.0,0.412,72.0,213.0,0.338,150.0,326.0,0.46,0.479,55.0,80.0,0.688,61.0,197.0,258.0,161.0,65.0,22.0,103.0,147.0,571.0,0.0
191.0,Kris Dunn,31.0,LAC,PG,77.0,63.0,2101.0,216.0,452.0,0.478,75.0,200.0,0.375,141.0,252.0,0.56,0.561,62.0,80.0,0.775,55.0,196.0,251.0,278.0,124.0,14.0,102.0,180.0,569.0,0.0
192.0,Justin Champagnie,24.0,WAS,SF,66.0,18.0,1299.0,220.0,428.0,0.514,48.0,147.0,0.327,172.0,281.0,0.612,0.57,80.0,102.0,0.784,139.0,223.0,362.0,77.0,55.0,41.0,41.0,106.0,568.0,0.0
193.0,Marcus Smart,31.0,LAL,SG,60.0,53.0,1725.0,185.0,464.0,0.399,96.0,286.0,0.336,89.0,178.0,0.5,0.502,102.0,125.0,0.816,36.0,129.0,165.0,168.0,84.0,22.0,87.0,157.0,568.0,0.0
194.0,Cam Thomas,24.0,BRK/MIL,SG,42.0,8.0,881.0,189.0,461.0,0.41,52.0,168.0,0.31,137.0,293.0,0.468,0.466,137.0,169.0,0.811,11.0,60.0,71.0,108.0,9.0,4.0,74.0,43.0,567.0,0.0
195.0,Isaac Okoro,25.0,CHI,SG,61.0,60.0,1642.0,202.0,442.0,0.457,72.0,213.0,0.338,130.0,229.0,0.568,0.538,87.0,110.0,0.791,67.0,98.0,165.0,93.0,43.0,28.0,43.0,157.0,563.0,0.0
196.0,Bones Hyland,25.0,MIN,PG,68.0,3.0,1105.0,199.0,440.0,0.452,104.0,274.0,0.38,95.0,166.0,0.572,0.57,56.0,72.0,0.778,21.0,95.0,116.0,175.0,40.0,15.0,63.0,115.0,558.0,0.0
197.0,Moussa Diabaté,24.0,CHO,C,69.0,43.0,1791.0,220.0,349.0,0.63,1.0,2.0,0.5,219.0,347.0,0.631,0.632,112.0,170.0,0.659,261.0,345.0,606.0,127.0,54.0,67.0,69.0,164.0,553.0,0.0
198.0,Aaron Gordon,30.0,DEN,PF,34.0,31.0,952.0,188.0,378.0,0.497,57.0,146.0,0.39,131.0,232.0,0.565,0.573,120.0,157.0,0.764,49.0,149.0,198.0,85.0,21.0,9.0,38.0,57.0,553.0,0.0
199.0,Draymond Green,35.0,GSW,PF,64.0,64.0,1762.0,200.0,480.0,0.417,99.0,303.0,0.327,101.0,177.0,0.571,0.52,54.0,78.0,0.692,51.0,303.0,354.0,345.0,57.0,41.0,170.0,185.0,553.0,0.0
200.0,De'Anthony Melton,27.0,GSW,PG,44.0,20.0,1012.0,199.0,492.0,0.404,63.0,223.0,0.283,136.0,269.0,0.506,0.468,91.0,110.0,0.827,37.0,106.0,143.0,109.0,73.0,17.0,84.0,89.0,552.0,0.0
201.0,Isaiah Stewart,24.0,DET,C,55.0,13.0,1273.0,209.0,386.0,0.541,39.0,117.0,0.333,170.0,269.0,0.632,0.592,95.0,125.0,0.76,92.0,189.0,281.0,66.0,15.0,90.0,63.0,156.0,552.0,0.0
202.0,Vít Krejčí,25.0,ATL/POR,PG,64.0,8.0,1387.0,191.0,426.0,0.448,128.0,327.0,0.391,63.0,99.0,0.636,0.599,38.0,51.0,0.745,31.0,117.0,148.0,100.0,47.0,18.0,41.0,137.0,548.0,0.0
203.0,Jalen Smith,25.0,CHI,C,53.0,21.0,1095.0,195.0,404.0,0.483,82.0,220.0,0.373,113.0,184.0,0.614,0.584,69.0,93.0,0.742,98.0,257.0,355.0,65.0,24.0,42.0,53.0,111.0,541.0,0.0
204.0,Day'Ron Sharpe,24.0,BRK,C,62.0,7.0,1160.0,214.0,356.0,0.601,9.0,39.0,0.231,205.0,317.0,0.647,0.614,103.0,152.0,0.678,171.0,242.0,413.0,145.0,67.0,26.0,106.0,147.0,540.0,0.0
205.0,Luguentz Dort,26.0,OKC,SF,64.0,64.0,1744.0,188.0,494.0,0.381,118.0,349.0,0.338,70.0,145.0,0.483,0.5,44.0,58.0,0.759,56.0,178.0,234.0,79.0,52.0,26.0,52.0,173.0,538.0,0.0
206.0,Egor Dёmin,19.0,BRK,PG,52.0,45.0,1308.0,179.0,449.0,0.399,124.0,322.0,0.385,55.0,127.0,0.433,0.537,54.0,65.0,0.831,21.0,144.0,165.0,173.0,42.0,17.0,86.0,93.0,536.0,0.0
207.0,Jordan Miller,26.0,LAC,SF,55.0,1.0,1194.0,191.0,366.0,0.522,31.0,97.0,0.32,160.0,269.0,0.595,0.564,123.0,161.0,0.764,50.0,116.0,166.0,117.0,43.0,9.0,57.0,52.0,536.0,0.0
208.0,Cody Williams,21.0,UTA,SG,63.0,37.0,1487.0,216.0,450.0,0.48,26.0,116.0,0.224,190.0,334.0,0.569,0.509,75.0,107.0,0.701,60.0,124.0,184.0,116.0,46.0,26.0,66.0,117.0,533.0,0.0
209.0,Javonte Green,32.0,DET,SG,78.0,6.0,1376.0,174.0,393.0,0.443,87.0,233.0,0.373,87.0,160.0,0.544,0.553,97.0,116.0,0.836,58.0,156.0,214.0,53.0,96.0,22.0,44.0,105.0,532.0,0.0
210.0,Jalen Williams,24.0,OKC,SG,31.0,31.0,878.0,204.0,425.0,0.48,22.0,74.0,0.297,182.0,351.0,0.519,0.506,100.0,121.0,0.826,25.0,119.0,144.0,168.0,37.0,9.0,59.0,62.0,530.0,0.0
211.0,Dominick Barlow,22.0,PHI,PF,67.0,59.0,1610.0,209.0,384.0,0.544,21.0,81.0,0.259,188.0,303.0,0.62,0.572,89.0,125.0,0.712,125.0,193.0,318.0,85.0,56.0,49.0,55.0,141.0,528.0,0.0
212.0,Jalen Green,23.0,PHO,SG,29.0,24.0,757.0,200.0,475.0,0.421,69.0,215.0,0.321,131.0,260.0,0.504,0.494,59.0,78.0,0.756,16.0,92.0,108.0,86.0,33.0,4.0,63.0,35.0,528.0,0.0
213.0,T.J. McConnell,33.0,IND,PG,56.0,4.0,963.0,242.0,450.0,0.538,16.0,50.0,0.32,226.0,400.0,0.565,0.556,25.0,29.0,0.862,22.0,102.0,124.0,287.0,56.0,10.0,64.0,62.0,525.0,0.0
214.0,Gary Trent Jr.,27.0,MIL,SG,64.0,21.0,1358.0,180.0,461.0,0.39,123.0,334.0,0.368,57.0,127.0,0.449,0.524,39.0,51.0,0.765,8.0,59.0,67.0,78.0,34.0,3.0,39.0,82.0,522.0,0.0
215.0,Daniel Gafford,27.0,DAL,C,54.0,43.0,1175.0,205.0,312.0,0.657,0.0,0.0,,205.0,312.0,0.657,0.657,107.0,157.0,0.682,135.0,236.0,371.0,58.0,40.0,67.0,63.0,141.0,517.0,0.0
216.0,Luka Garza,27.0,BOS,C,67.0,5.0,1064.0,190.0,326.0,0.583,52.0,118.0,0.441,138.0,208.0,0.663,0.663,84.0,110.0,0.764,148.0,115.0,263.0,63.0,25.0,26.0,43.0,153.0,516.0,0.0
217.0,Jamal Shead,23.0,TOR,PG,77.0,11.0,1734.0,174.0,473.0,0.368,79.0,248.0,0.319,95.0,225.0,0.422,0.451,89.0,114.0,0.781,25.0,114.0,139.0,419.0,75.0,14.0,103.0,154.0,516.0,0.0
218.0,Quinten Post,25.0,GSW,PF,67.0,35.0,1159.0,193.0,439.0,0.44,93.0,277.0,0.336,100.0,162.0,0.617,0.546,34.0,43.0,0.791,68.0,201.0,269.0,94.0,26.0,35.0,56.0,125.0,513.0,0.0
219.0,Jared McCain,21.0,PHI/OKC,SG,62.0,1.0,1075.0,186.0,441.0,0.422,92.0,236.0,0.39,94.0,205.0,0.459,0.526,48.0,55.0,0.873,22.0,107.0,129.0,83.0,33.0,5.0,50.0,76.0,512.0,0.0
220.0,Caleb Love,24.0,POR,SG,47.0,1.0,1009.0,190.0,489.0,0.389,93.0,291.0,0.32,97.0,198.0,0.49,0.484,36.0,49.0,0.735,25.0,89.0,114.0,123.0,27.0,4.0,61.0,48.0,509.0,0.0
221.0,Jaden Hardy,23.0,DAL/WAS,SG,55.0,4.0,868.0,178.0,415.0,0.429,101.0,254.0,0.398,77.0,161.0,0.478,0.551,52.0,69.0,0.754,15.0,70.0,85.0,52.0,16.0,6.0,60.0,82.0,509.0,0.0
222.0,Danny Wolf,21.0,BRK,PF,57.0,15.0,1187.0,178.0,440.0,0.405,68.0,211.0,0.322,110.0,229.0,0.48,0.482,84.0,109.0,0.771,57.0,224.0,281.0,127.0,30.0,32.0,73.0,126.0,508.0,0.0
223.0,Christian Braun,24.0,DEN,SG,42.0,42.0,1333.0,191.0,372.0,0.513,43.0,138.0,0.312,148.0,234.0,0.632,0.571,79.0,100.0,0.79,60.0,143.0,203.0,118.0,26.0,12.0,42.0,101.0,504.0,0.0
224.0,Oso Ighodaro,23.0,PHO,PF,77.0,23.0,1715.0,226.0,347.0,0.651,0.0,1.0,0.0,226.0,346.0,0.653,0.651,51.0,111.0,0.459,132.0,260.0,392.0,175.0,70.0,49.0,96.0,207.0,503.0,0.0
225.0,Corey Kispert,26.0,WAS/ATL,SF,55.0,9.0,1035.0,175.0,377.0,0.464,80.0,224.0,0.357,95.0,153.0,0.621,0.57,73.0,89.0,0.82,26.0,103.0,129.0,89.0,16.0,9.0,43.0,59.0,503.0,0.0
226.0,Ryan Kalkbrenner,24.0,CHO,C,65.0,31.0,1404.0,211.0,283.0,0.746,0.0,5.0,0.0,211.0,278.0,0.759,0.746,80.0,113.0,0.708,159.0,201.0,360.0,51.0,31.0,98.0,59.0,102.0,502.0,0.0
227.0,Kristaps Porziņģis,30.0,ATL/GSW,C,29.0,20.0,696.0,163.0,359.0,0.454,53.0,150.0,0.353,110.0,209.0,0.526,0.528,122.0,146.0,0.836,35.0,109.0,144.0,75.0,17.0,37.0,37.0,80.0,501.0,0.0
228.0,Jonas Valančiūnas,33.0,DEN,C,61.0,5.0,797.0,198.0,347.0,0.571,6.0,20.0,0.3,192.0,327.0,0.587,0.579,98.0,127.0,0.772,91.0,203.0,294.0,69.0,14.0,32.0,66.0,124.0,500.0,0.0
229.0,Gary Payton II,33.0,GSW,SG,68.0,1.0,1051.0,221.0,385.0,0.574,37.0,122.0,0.303,184.0,263.0,0.7,0.622,20.0,34.0,0.588,93.0,159.0,252.0,117.0,60.0,21.0,59.0,123.0,499.0,0.0
230.0,Olivier-Maxence Prosper,23.0,MEM,PF,51.0,22.0,950.0,177.0,328.0,0.54,55.0,138.0,0.399,122.0,190.0,0.642,0.623,84.0,110.0,0.764,57.0,124.0,181.0,49.0,39.0,13.0,44.0,78.0,493.0,0.0
231.0,Walter Clayton,22.0,UTA/MEM,PG,66.0,4.0,1338.0,162.0,430.0,0.377,67.0,228.0,0.294,95.0,202.0,0.47,0.455,102.0,114.0,0.895,22.0,111.0,133.0,261.0,44.0,19.0,109.0,117.0,493.0,0.0
232.0,Herbert Jones,27.0,NOP,SF,55.0,55.0,1580.0,181.0,474.0,0.382,79.0,256.0,0.309,102.0,218.0,0.468,0.465,50.0,62.0,0.806,47.0,140.0,187.0,154.0,88.0,27.0,73.0,176.0,491.0,0.0
233.0,Ja'Kobe Walter,21.0,TOR,SG,67.0,17.0,1337.0,161.0,368.0,0.438,94.0,239.0,0.393,67.0,129.0,0.519,0.565,67.0,81.0,0.827,54.0,117.0,171.0,78.0,68.0,12.0,35.0,150.0,483.0,0.0
234.0,Jose Alvarado,27.0,NOP/NYK,PG,67.0,2.0,1318.0,177.0,427.0,0.415,96.0,275.0,0.349,81.0,152.0,0.533,0.527,32.0,40.0,0.8,24.0,137.0,161.0,225.0,64.0,7.0,75.0,126.0,482.0,0.0
235.0,Jordan Poole,26.0,NOP,PG,37.0,6.0,873.0,150.0,411.0,0.365,87.0,267.0,0.326,63.0,144.0,0.438,0.471,92.0,105.0,0.876,8.0,64.0,72.0,112.0,20.0,14.0,62.0,85.0,479.0,0.0
236.0,Jaxson Hayes,25.0,LAL,C,65.0,9.0,1179.0,190.0,252.0,0.754,3.0,3.0,1.0,187.0,249.0,0.751,0.76,91.0,142.0,0.641,96.0,171.0,267.0,57.0,29.0,52.0,28.0,123.0,474.0,0.0
237.0,Derrick Jones Jr.,28.0,LAC,SF,45.0,40.0,1226.0,175.0,347.0,0.504,50.0,142.0,0.352,125.0,205.0,0.61,0.576,66.0,87.0,0.759,49.0,100.0,149.0,64.0,43.0,47.0,35.0,94.0,466.0,0.0
238.0,Landry Shamet,28.0,NYK,SG,48.0,12.0,1102.0,155.0,351.0,0.442,100.0,254.0,0.394,55.0,97.0,0.567,0.584,53.0,74.0,0.716,22.0,67.0,89.0,69.0,30.0,9.0,29.0,75.0,463.0,0.0
239.0,Miles McBride,25.0,NYK,SG,38.0,14.0,1017.0,160.0,378.0,0.423,105.0,255.0,0.412,55.0,123.0,0.447,0.562,35.0,43.0,0.814,22.0,72.0,94.0,101.0,32.0,8.0,32.0,67.0,460.0,0.0
240.0,Ben Sheppard,24.0,IND,SG,65.0,20.0,1390.0,168.0,387.0,0.434,84.0,232.0,0.362,84.0,155.0,0.542,0.543,39.0,51.0,0.765,43.0,152.0,195.0,114.0,39.0,6.0,41.0,114.0,459.0,0.0
241.0,Jaylin Williams,23.0,OKC,PF,62.0,11.0,1237.0,145.0,343.0,0.423,95.0,249.0,0.382,50.0,94.0,0.532,0.561,73.0,92.0,0.793,32.0,314.0,346.0,151.0,31.0,42.0,67.0,123.0,458.0,0.0
242.0,Nolan Traoré,19.0,BRK,PG,53.0,30.0,1190.0,168.0,445.0,0.378,54.0,171.0,0.316,114.0,274.0,0.416,0.438,67.0,87.0,0.77,13.0,79.0,92.0,204.0,41.0,21.0,123.0,119.0,457.0,0.0
243.0,Terance Mann,29.0,BRK,SG,63.0,51.0,1529.0,168.0,368.0,0.457,56.0,154.0,0.364,112.0,214.0,0.523,0.533,63.0,80.0,0.788,70.0,130.0,200.0,190.0,41.0,15.0,71.0,155.0,455.0,0.0
244.0,Paul Reed,26.0,DET,C,61.0,9.0,841.0,188.0,313.0,0.601,12.0,37.0,0.324,176.0,276.0,0.638,0.62,67.0,103.0,0.65,120.0,152.0,272.0,74.0,54.0,55.0,56.0,113.0,455.0,0.0
245.0,Svi Mykhailiuk,28.0,UTA,SF,49.0,41.0,1132.0,167.0,346.0,0.483,93.0,226.0,0.412,74.0,120.0,0.617,0.617,25.0,28.0,0.893,35.0,85.0,120.0,92.0,25.0,3.0,39.0,62.0,452.0,0.0
246.0,Collin Murray-Boyles,20.0,TOR,PF,53.0,22.0,1164.0,183.0,320.0,0.572,17.0,50.0,0.34,166.0,270.0,0.615,0.598,64.0,99.0,0.646,128.0,134.0,262.0,97.0,48.0,49.0,57.0,136.0,447.0,0.0
247.0,Jusuf Nurkić,31.0,UTA,C,41.0,36.0,1083.0,180.0,358.0,0.503,25.0,71.0,0.352,155.0,287.0,0.54,0.538,62.0,113.0,0.549,106.0,319.0,425.0,196.0,52.0,22.0,101.0,134.0,447.0,3.0
248.0,Patrick Williams,24.0,CHI,PF,67.0,4.0,1316.0,158.0,426.0,0.371,84.0,242.0,0.347,74.0,184.0,0.402,0.469,44.0,65.0,0.677,47.0,144.0,191.0,87.0,40.0,22.0,68.0,86.0,444.0,0.0
249.0,Gradey Dick,22.0,TOR,SG,71.0,1.0,1042.0,156.0,374.0,0.417,55.0,185.0,0.297,101.0,189.0,0.534,0.491,74.0,85.0,0.871,41.0,105.0,146.0,50.0,43.0,7.0,42.0,96.0,441.0,0.0
250.0,Jakob Poeltl,30.0,TOR,C,41.0,39.0,1047.0,192.0,276.0,0.696,0.0,0.0,,192.0,276.0,0.696,0.696,57.0,90.0,0.633,108.0,197.0,305.0,86.0,35.0,29.0,47.0,131.0,441.0,0.0
251.0,Will Richard,23.0,GSW,SG,66.0,21.0,1348.0,162.0,342.0,0.474,71.0,208.0,0.341,91.0,134.0,0.679,0.577,46.0,54.0,0.852,65.0,103.0,168.0,91.0,79.0,8.0,53.0,129.0,441.0,0.0
252.0,Tristan Vukcevic,22.0,WAS,C,49.0,12.0,671.0,152.0,317.0,0.479,50.0,144.0,0.347,102.0,173.0,0.59,0.558,87.0,111.0,0.784,32.0,115.0,147.0,55.0,23.0,33.0,62.0,82.0,441.0,0.0
253.0,Keon Ellis,26.0,SAC/CLE,SG,68.0,9.0,1377.0,155.0,356.0,0.435,84.0,233.0,0.361,71.0,123.0,0.577,0.553,47.0,65.0,0.723,37.0,86.0,123.0,63.0,81.0,45.0,40.0,127.0,441.0,0.0
254.0,Kobe Sanders,23.0,LAC,SG,63.0,16.0,1249.0,160.0,348.0,0.46,70.0,174.0,0.402,90.0,174.0,0.517,0.56,45.0,57.0,0.789,28.0,115.0,143.0,102.0,42.0,8.0,79.0,132.0,435.0,0.0
255.0,Pat Spencer,29.0,GSW,PG,61.0,12.0,1105.0,170.0,393.0,0.433,53.0,148.0,0.358,117.0,245.0,0.478,0.5,41.0,53.0,0.774,47.0,100.0,147.0,213.0,45.0,5.0,78.0,70.0,434.0,0.0
256.0,Kentavious Caldwell-Pope,32.0,MEM,SG,51.0,14.0,1088.0,150.0,366.0,0.41,55.0,174.0,0.316,95.0,192.0,0.495,0.485,73.0,80.0,0.913,20.0,105.0,125.0,139.0,43.0,8.0,61.0,57.0,428.0,0.0
257.0,Sion James,23.0,CHO,SG,78.0,19.0,1764.0,131.0,346.0,0.379,80.0,219.0,0.365,51.0,127.0,0.402,0.494,82.0,97.0,0.845,47.0,222.0,269.0,155.0,47.0,20.0,60.0,144.0,424.0,0.0
258.0,Caris LeVert,31.0,DET,SG,57.0,0.0,1106.0,158.0,377.0,0.419,58.0,176.0,0.33,100.0,201.0,0.498,0.496,50.0,76.0,0.658,21.0,91.0,112.0,152.0,48.0,38.0,79.0,89.0,424.0,0.0
259.0,Luke Kornet,30.0,SAS,C,65.0,24.0,1363.0,165.0,258.0,0.64,0.0,0.0,,165.0,258.0,0.64,0.64,92.0,112.0,0.821,177.0,222.0,399.0,118.0,29.0,64.0,27.0,114.0,422.0,0.0
260.0,Isaiah Hartenstein,27.0,OKC,C,44.0,43.0,1089.0,176.0,285.0,0.618,0.0,7.0,0.0,176.0,278.0,0.633,0.618,60.0,101.0,0.594,144.0,279.0,423.0,160.0,47.0,34.0,80.0,112.0,412.0,1.0
261.0,Taylor Hendricks,22.0,UTA/MEM,PF,57.0,15.0,1084.0,154.0,343.0,0.449,58.0,177.0,0.328,96.0,166.0,0.578,0.534,45.0,68.0,0.662,62.0,149.0,211.0,54.0,45.0,29.0,49.0,94.0,411.0,0.0
262.0,Anthony Davis,32.0,DAL,PF,20.0,20.0,626.0,169.0,334.0,0.506,10.0,37.0,0.27,159.0,297.0,0.535,0.521,59.0,81.0,0.728,62.0,159.0,221.0,56.0,22.0,33.0,41.0,42.0,407.0,0.0
263.0,Dru Smith,28.0,MIA,SG,70.0,1.0,1141.0,135.0,325.0,0.415,38.0,129.0,0.295,97.0,196.0,0.495,0.474,87.0,105.0,0.829,62.0,111.0,173.0,180.0,100.0,21.0,55.0,109.0,395.0,0.0
264.0,Jonathan Kuminga,23.0,GSW/ATL,PF,33.0,14.0,754.0,140.0,301.0,0.465,33.0,88.0,0.375,107.0,213.0,0.502,0.52,81.0,112.0,0.723,46.0,140.0,186.0,77.0,19.0,11.0,65.0,51.0,394.0,0.0
265.0,Ja Morant,26.0,MEM,PG,20.0,20.0,569.0,132.0,322.0,0.41,20.0,85.0,0.235,112.0,237.0,0.473,0.441,105.0,117.0,0.897,8.0,57.0,65.0,161.0,20.0,6.0,71.0,40.0,389.0,0.0
266.0,Ryan Dunn,23.0,PHO,SF,66.0,14.0,1277.0,156.0,345.0,0.452,54.0,161.0,0.335,102.0,184.0,0.554,0.53,20.0,42.0,0.476,97.0,181.0,278.0,94.0,58.0,27.0,52.0,129.0,386.0,0.0
267.0,Micah Potter,27.0,IND,C,42.0,3.0,774.0,123.0,240.0,0.513,60.0,140.0,0.429,63.0,100.0,0.63,0.638,74.0,84.0,0.881,47.0,136.0,183.0,59.0,18.0,14.0,36.0,74.0,380.0,0.0
268.0,Sidy Cissoko,21.0,POR,SF,71.0,26.0,1414.0,132.0,331.0,0.399,59.0,196.0,0.301,73.0,135.0,0.541,0.488,56.0,86.0,0.651,61.0,104.0,165.0,109.0,51.0,25.0,70.0,179.0,379.0,0.0
269.0,Javon Small,23.0,MEM,PG,40.0,12.0,804.0,127.0,269.0,0.472,58.0,132.0,0.439,69.0,137.0,0.504,0.58,66.0,80.0,0.825,35.0,90.0,125.0,150.0,32.0,9.0,54.0,65.0,378.0,0.0
270.0,Quenton Jackson,27.0,IND,PG,44.0,14.0,761.0,129.0,266.0,0.485,38.0,100.0,0.38,91.0,166.0,0.548,0.556,79.0,97.0,0.814,24.0,74.0,98.0,111.0,24.0,6.0,53.0,70.0,375.0,0.0
271.0,Drake Powell,20.0,BRK,SG,59.0,21.0,1204.0,131.0,315.0,0.416,49.0,165.0,0.297,82.0,150.0,0.547,0.494,63.0,69.0,0.913,21.0,82.0,103.0,88.0,30.0,11.0,56.0,84.0,374.0,0.0
272.0,Andre Drummond,32.0,PHI,C,59.0,25.0,1141.0,146.0,311.0,0.469,30.0,85.0,0.353,116.0,226.0,0.513,0.518,49.0,77.0,0.636,183.0,303.0,486.0,70.0,35.0,47.0,58.0,117.0,371.0,0.0
273.0,Isaiah Jackson,24.0,IND/LAC,C,55.0,14.0,908.0,151.0,237.0,0.637,0.0,3.0,0.0,151.0,234.0,0.645,0.637,68.0,105.0,0.648,113.0,177.0,290.0,52.0,36.0,49.0,58.0,147.0,370.0,0.0
274.0,Robert Williams,28.0,POR,C,55.0,1.0,932.0,166.0,232.0,0.716,7.0,21.0,0.333,159.0,211.0,0.754,0.731,29.0,47.0,0.617,131.0,251.0,382.0,55.0,32.0,85.0,45.0,68.0,368.0,0.0
275.0,Scoot Henderson,21.0,POR,PG,26.0,6.0,616.0,121.0,290.0,0.417,47.0,135.0,0.348,74.0,155.0,0.477,0.498,76.0,91.0,0.835,16.0,55.0,71.0,100.0,19.0,7.0,66.0,75.0,365.0,0.0
276.0,Ousmane Dieng,22.0,OKC/MIL,C,52.0,15.0,932.0,142.0,334.0,0.425,58.0,158.0,0.367,84.0,176.0,0.477,0.512,22.0,29.0,0.759,24.0,122.0,146.0,103.0,23.0,16.0,53.0,71.0,364.0,0.0
277.0,Justin Edwards,22.0,PHI,SF,60.0,12.0,920.0,133.0,296.0,0.449,62.0,169.0,0.367,71.0,127.0,0.559,0.554,33.0,39.0,0.846,24.0,66.0,90.0,77.0,49.0,11.0,34.0,89.0,361.0,0.0
278.0,Baylor Scheierman,25.0,BOS,SG,72.0,19.0,1309.0,130.0,289.0,0.45,81.0,210.0,0.386,49.0,79.0,0.62,0.59,19.0,22.0,0.864,54.0,195.0,249.0,106.0,40.0,5.0,42.0,97.0,360.0,0.0
279.0,Yves Missi,21.0,NOP,C,65.0,13.0,1257.0,152.0,285.0,0.533,0.0,1.0,0.0,152.0,284.0,0.535,0.533,55.0,98.0,0.561,179.0,193.0,372.0,81.0,20.0,97.0,51.0,109.0,359.0,0.0
280.0,Buddy Hield,33.0,GSW/ATL,SG,50.0,3.0,798.0,131.0,309.0,0.424,67.0,201.0,0.333,64.0,108.0,0.593,0.532,30.0,37.0,0.811,27.0,86.0,113.0,68.0,38.0,9.0,47.0,57.0,359.0,0.0
281.0,Al Horford,39.0,GSW,C,43.0,12.0,933.0,132.0,311.0,0.424,71.0,197.0,0.36,61.0,114.0,0.535,0.539,22.0,26.0,0.846,44.0,171.0,215.0,112.0,30.0,50.0,41.0,50.0,357.0,0.0
282.0,Thomas Bryant,28.0,CLE,C,59.0,0.0,706.0,129.0,258.0,0.5,45.0,127.0,0.354,84.0,131.0,0.641,0.587,53.0,66.0,0.803,57.0,138.0,195.0,31.0,18.0,25.0,28.0,73.0,356.0,0.0
283.0,Spencer Jones,24.0,DEN,SF,64.0,37.0,1417.0,132.0,262.0,0.504,57.0,144.0,0.396,75.0,118.0,0.636,0.613,31.0,51.0,0.608,75.0,134.0,209.0,51.0,52.0,29.0,31.0,175.0,352.0,0.0
284.0,Karlo Matković,24.0,NOP,PF,62.0,2.0,912.0,142.0,235.0,0.604,38.0,90.0,0.422,104.0,145.0,0.717,0.685,30.0,41.0,0.732,72.0,157.0,229.0,50.0,25.0,54.0,34.0,105.0,352.0,0.0
285.0,Guerschon Yabusele,30.0,NYK/CHI,C,64.0,16.0,933.0,117.0,290.0,0.403,65.0,182.0,0.357,52.0,108.0,0.481,0.516,52.0,70.0,0.743,53.0,161.0,214.0,58.0,25.0,14.0,37.0,77.0,351.0,0.0
286.0,Josh Minott,23.0,BOS/BRK,PF,48.0,11.0,816.0,120.0,241.0,0.498,63.0,148.0,0.426,57.0,93.0,0.613,0.629,46.0,58.0,0.793,47.0,110.0,157.0,45.0,42.0,21.0,42.0,72.0,349.0,0.0
287.0,Ryan Nembhard,22.0,DAL,PG,56.0,24.0,1045.0,141.0,345.0,0.409,46.0,126.0,0.365,95.0,219.0,0.434,0.475,20.0,26.0,0.769,11.0,101.0,112.0,272.0,21.0,2.0,80.0,74.0,348.0,0.0
288.0,Julian Strawther,23.0,DEN,SG,53.0,12.0,759.0,124.0,272.0,0.456,47.0,130.0,0.362,77.0,142.0,0.542,0.542,50.0,62.0,0.806,12.0,90.0,102.0,54.0,21.0,4.0,32.0,65.0,345.0,0.0
289.0,Nikola Jović,22.0,MIA,PF,47.0,1.0,808.0,115.0,314.0,0.366,45.0,167.0,0.269,70.0,147.0,0.476,0.438,69.0,101.0,0.683,25.0,128.0,153.0,102.0,26.0,17.0,65.0,65.0,344.0,0.0
290.0,Trendon Watford,25.0,PHI,PF,52.0,7.0,857.0,137.0,267.0,0.513,10.0,50.0,0.2,127.0,217.0,0.585,0.532,60.0,77.0,0.779,38.0,137.0,175.0,131.0,16.0,21.0,63.0,105.0,344.0,1.0
291.0,Bryce McGowens,23.0,NOP,SG,42.0,13.0,880.0,114.0,237.0,0.481,38.0,93.0,0.409,76.0,144.0,0.528,0.561,74.0,95.0,0.779,12.0,76.0,88.0,62.0,27.0,9.0,17.0,88.0,340.0,0.0
292.0,Josh Okogie,27.0,HOU,SG,73.0,29.0,1259.0,120.0,274.0,0.438,60.0,151.0,0.397,60.0,123.0,0.488,0.547,36.0,63.0,0.571,71.0,108.0,179.0,61.0,61.0,13.0,38.0,101.0,336.0,0.0
293.0,Adem Bona,22.0,PHI,C,68.0,15.0,1183.0,128.0,213.0,0.601,2.0,6.0,0.333,126.0,207.0,0.609,0.606,77.0,109.0,0.706,125.0,172.0,297.0,31.0,29.0,82.0,53.0,149.0,335.0,0.0
294.0,Alex Caruso,31.0,OKC,SG,53.0,0.0,984.0,122.0,290.0,0.421,50.0,173.0,0.289,72.0,117.0,0.615,0.507,41.0,51.0,0.804,28.0,118.0,146.0,108.0,71.0,17.0,45.0,65.0,335.0,0.0
295.0,Mouhamed Gueye,23.0,ATL,PF,74.0,8.0,1143.0,128.0,282.0,0.454,38.0,124.0,0.306,90.0,158.0,0.57,0.521,40.0,62.0,0.645,86.0,180.0,266.0,67.0,60.0,36.0,33.0,122.0,334.0,0.0
296.0,Nae'Qwan Tomlin,25.0,CLE,PF,60.0,2.0,913.0,134.0,285.0,0.47,21.0,103.0,0.204,113.0,182.0,0.621,0.507,42.0,56.0,0.75,74.0,86.0,160.0,45.0,39.0,31.0,24.0,116.0,331.0,0.0
297.0,Dean Wade,29.0,CLE,PF,57.0,36.0,1279.0,118.0,273.0,0.432,68.0,192.0,0.354,50.0,81.0,0.617,0.557,27.0,38.0,0.711,51.0,189.0,240.0,86.0,43.0,22.0,16.0,89.0,331.0,0.0
298.0,Jordan Walsh,21.0,BOS,PF,63.0,22.0,1108.0,124.0,242.0,0.512,43.0,110.0,0.391,81.0,132.0,0.614,0.601,40.0,53.0,0.755,82.0,172.0,254.0,48.0,45.0,29.0,33.0,127.0,331.0,0.0
299.0,Rob Dillingham,21.0,MIN/CHI,PG,60.0,0.0,838.0,133.0,350.0,0.38,33.0,107.0,0.308,100.0,243.0,0.412,0.427,31.0,41.0,0.756,17.0,89.0,106.0,130.0,41.0,5.0,81.0,102.0,330.0,0.0
300.0,Goga Bitadze,26.0,ORL,C,59.0,3.0,877.0,131.0,195.0,0.672,2.0,11.0,0.182,129.0,184.0,0.701,0.677,62.0,88.0,0.705,118.0,157.0,275.0,75.0,33.0,54.0,37.0,122.0,326.0,0.0
301.0,Mitchell Robinson,27.0,NYK,C,58.0,16.0,1136.0,142.0,196.0,0.724,0.0,0.0,,142.0,196.0,0.724,0.724,41.0,101.0,0.406,246.0,260.0,506.0,51.0,51.0,66.0,41.0,123.0,325.0,0.0
302.0,Kenrich Williams,31.0,OKC,PF,51.0,2.0,767.0,124.0,252.0,0.492,45.0,112.0,0.402,79.0,140.0,0.564,0.581,32.0,50.0,0.64,48.0,112.0,160.0,68.0,29.0,5.0,39.0,54.0,325.0,0.0
303.0,Keegan Murray,25.0,SAC,PF,23.0,22.0,793.0,126.0,300.0,0.42,31.0,112.0,0.277,95.0,188.0,0.505,0.472,38.0,49.0,0.776,33.0,99.0,132.0,38.0,24.0,36.0,27.0,42.0,321.0,0.0
304.0,Jaden Ivey,23.0,DET/CHI,SG,37.0,5.0,670.0,114.0,256.0,0.445,50.0,134.0,0.373,64.0,122.0,0.525,0.543,38.0,47.0,0.809,24.0,67.0,91.0,68.0,23.0,14.0,41.0,53.0,316.0,0.0
305.0,Kobe Brown,26.0,LAC/IND,PF,57.0,6.0,845.0,113.0,239.0,0.473,44.0,120.0,0.367,69.0,119.0,0.58,0.565,43.0,54.0,0.796,61.0,102.0,163.0,69.0,19.0,12.0,47.0,64.0,313.0,0.0
306.0,Kris Murray,25.0,POR,SF,53.0,15.0,1249.0,121.0,265.0,0.457,31.0,117.0,0.265,90.0,148.0,0.608,0.515,36.0,51.0,0.706,86.0,108.0,194.0,74.0,47.0,22.0,43.0,84.0,309.0,0.0
307.0,Jevon Carter,30.0,CHI/ORL,PG,48.0,1.0,776.0,110.0,283.0,0.389,72.0,203.0,0.355,38.0,80.0,0.475,0.516,15.0,19.0,0.789,12.0,65.0,77.0,79.0,35.0,9.0,33.0,53.0,307.0,0.0
308.0,Kasparas Jakučionis,19.0,MIA,PG,49.0,11.0,874.0,95.0,224.0,0.424,61.0,146.0,0.418,34.0,78.0,0.436,0.56,53.0,60.0,0.883,40.0,89.0,129.0,125.0,31.0,7.0,47.0,93.0,304.0,0.0
309.0,Ochai Agbaji,25.0,TOR/BRK,SG,61.0,13.0,955.0,117.0,269.0,0.435,32.0,124.0,0.258,85.0,145.0,0.586,0.494,36.0,43.0,0.837,45.0,92.0,137.0,45.0,23.0,17.0,31.0,92.0,302.0,0.0
310.0,Jett Howard,22.0,ORL,SF,55.0,0.0,695.0,105.0,251.0,0.418,54.0,145.0,0.372,51.0,106.0,0.481,0.526,37.0,39.0,0.949,23.0,64.0,87.0,45.0,10.0,11.0,15.0,66.0,301.0,0.0
311.0,Domantas Sabonis,29.0,SAC,C,19.0,15.0,564.0,120.0,221.0,0.543,5.0,27.0,0.185,115.0,194.0,0.593,0.554,56.0,77.0,0.727,64.0,152.0,216.0,78.0,18.0,4.0,51.0,66.0,301.0,0.0
312.0,Vince Williams Jr.,25.0,MEM/UTA,SG,40.0,12.0,820.0,103.0,292.0,0.353,55.0,177.0,0.311,48.0,115.0,0.417,0.447,39.0,50.0,0.78,39.0,116.0,155.0,166.0,29.0,16.0,70.0,80.0,300.0,0.0
313.0,Ty Jerome,28.0,MEM,SG,15.0,15.0,339.0,102.0,215.0,0.474,42.0,100.0,0.42,60.0,115.0,0.522,0.572,49.0,56.0,0.875,11.0,31.0,42.0,85.0,16.0,4.0,27.0,31.0,295.0,0.0
314.0,Jamir Watkins,24.0,WAS,SG,45.0,5.0,873.0,109.0,241.0,0.452,37.0,126.0,0.294,72.0,115.0,0.626,0.529,40.0,59.0,0.678,45.0,119.0,164.0,57.0,49.0,22.0,30.0,119.0,295.0,0.0
315.0,Daeqwon Plowden,27.0,SAC,SG,28.0,4.0,723.0,102.0,238.0,0.429,52.0,158.0,0.329,50.0,80.0,0.625,0.538,34.0,40.0,0.85,27.0,57.0,84.0,32.0,20.0,4.0,20.0,66.0,290.0,0.0
316.0,Tyrese Martin,26.0,BRK/PHI,SG,45.0,6.0,775.0,109.0,277.0,0.394,53.0,165.0,0.321,56.0,112.0,0.5,0.489,19.0,28.0,0.679,34.0,82.0,116.0,78.0,25.0,6.0,40.0,33.0,290.0,0.0
317.0,Tre Mann,24.0,CHO,PG,51.0,1.0,661.0,108.0,298.0,0.362,50.0,153.0,0.327,58.0,145.0,0.4,0.446,23.0,27.0,0.852,20.0,72.0,92.0,86.0,25.0,5.0,53.0,69.0,289.0,0.0
318.0,Jalen Wilson,25.0,BRK,PF,49.0,1.0,716.0,90.0,233.0,0.386,49.0,138.0,0.355,41.0,95.0,0.432,0.491,55.0,75.0,0.733,12.0,76.0,88.0,32.0,18.0,2.0,29.0,68.0,284.0,0.0
319.0,Nicolas Batum,37.0,LAC,PF,71.0,6.0,1262.0,92.0,231.0,0.398,88.0,221.0,0.398,4.0,10.0,0.4,0.589,9.0,11.0,0.818,23.0,158.0,181.0,62.0,47.0,22.0,37.0,94.0,281.0,0.0
320.0,Aaron Holiday,29.0,HOU,PG,52.0,1.0,698.0,94.0,234.0,0.402,60.0,156.0,0.385,34.0,78.0,0.436,0.53,32.0,37.0,0.865,10.0,39.0,49.0,53.0,23.0,4.0,35.0,66.0,280.0,0.0
321.0,Hugo González,19.0,BOS,SF,72.0,3.0,1057.0,113.0,239.0,0.473,40.0,112.0,0.357,73.0,127.0,0.575,0.556,13.0,26.0,0.5,62.0,180.0,242.0,39.0,39.0,21.0,38.0,120.0,279.0,0.0
322.0,Jayson Tatum,27.0,BOS,PF,13.0,13.0,409.0,96.0,235.0,0.409,40.0,120.0,0.333,56.0,115.0,0.487,0.494,46.0,56.0,0.821,7.0,122.0,129.0,66.0,17.0,2.0,26.0,19.0,278.0,1.0
323.0,Nick Richards,28.0,PHO/CHI,C,48.0,6.0,701.0,103.0,201.0,0.512,5.0,18.0,0.278,98.0,183.0,0.536,0.525,65.0,101.0,0.644,77.0,166.0,243.0,16.0,10.0,32.0,59.0,88.0,276.0,0.0
324.0,Devin Carter,23.0,SAC,PG,34.0,8.0,574.0,96.0,241.0,0.398,24.0,95.0,0.253,72.0,146.0,0.493,0.448,59.0,74.0,0.797,28.0,74.0,102.0,79.0,28.0,6.0,44.0,40.0,275.0,0.0
325.0,Sharife Cooper,24.0,WAS,PG,36.0,1.0,607.0,103.0,212.0,0.486,23.0,65.0,0.354,80.0,147.0,0.544,0.54,45.0,55.0,0.818,15.0,65.0,80.0,102.0,11.0,4.0,51.0,57.0,274.0,0.0
326.0,Tyler Kolek,24.0,NYK,PG,62.0,1.0,727.0,108.0,248.0,0.435,44.0,114.0,0.386,64.0,134.0,0.478,0.524,14.0,20.0,0.7,16.0,82.0,98.0,170.0,22.0,4.0,55.0,65.0,274.0,0.0
327.0,Jericho Sims,27.0,MIL,C,62.0,16.0,1155.0,119.0,150.0,0.793,0.0,0.0,,119.0,150.0,0.793,0.793,35.0,55.0,0.636,126.0,204.0,330.0,79.0,14.0,14.0,66.0,127.0,273.0,0.0
328.0,Leonard Miller,22.0,MIN/CHI,SF,41.0,7.0,548.0,109.0,201.0,0.542,24.0,78.0,0.308,85.0,123.0,0.691,0.602,31.0,42.0,0.738,41.0,97.0,138.0,28.0,13.0,10.0,25.0,50.0,273.0,0.0
329.0,Trae Young,27.0,ATL/WAS,PG,15.0,15.0,384.0,81.0,177.0,0.458,27.0,80.0,0.338,54.0,97.0,0.557,0.534,80.0,97.0,0.825,4.0,26.0,30.0,120.0,13.0,2.0,39.0,33.0,269.0,0.0
330.0,Jarred Vanderbilt,26.0,LAL,PF,60.0,3.0,1051.0,104.0,223.0,0.466,27.0,91.0,0.297,77.0,132.0,0.583,0.527,33.0,53.0,0.623,77.0,195.0,272.0,74.0,51.0,18.0,50.0,100.0,268.0,0.0
331.0,Jabari Walker,23.0,PHI,PF,62.0,6.0,750.0,94.0,210.0,0.448,31.0,94.0,0.33,63.0,116.0,0.543,0.521,48.0,64.0,0.75,70.0,119.0,189.0,33.0,23.0,13.0,27.0,101.0,267.0,0.0
332.0,D'Angelo Russell,29.0,DAL,PG,26.0,3.0,495.0,94.0,232.0,0.405,33.0,112.0,0.295,61.0,120.0,0.508,0.476,43.0,60.0,0.717,8.0,53.0,61.0,104.0,12.0,2.0,49.0,30.0,264.0,0.0
333.0,Ben Saraf,19.0,BRK,SG,40.0,7.0,785.0,95.0,249.0,0.382,16.0,74.0,0.216,79.0,175.0,0.451,0.414,58.0,71.0,0.817,17.0,59.0,76.0,130.0,33.0,5.0,89.0,71.0,264.0,0.0
334.0,Rayan Rupert,21.0,POR/MEM,SG,61.0,6.0,952.0,99.0,254.0,0.39,39.0,114.0,0.342,60.0,140.0,0.429,0.467,25.0,34.0,0.735,37.0,117.0,154.0,49.0,46.0,6.0,42.0,113.0,262.0,0.0
335.0,Craig Porter Jr.,25.0,CLE,PG,60.0,2.0,1054.0,105.0,239.0,0.439,30.0,87.0,0.345,75.0,152.0,0.493,0.502,20.0,36.0,0.556,76.0,120.0,196.0,191.0,55.0,33.0,56.0,66.0,260.0,0.0
336.0,Anthony Gill,33.0,WAS,PF,50.0,3.0,791.0,111.0,181.0,0.613,13.0,40.0,0.325,98.0,141.0,0.695,0.649,23.0,30.0,0.767,52.0,88.0,140.0,62.0,27.0,18.0,34.0,76.0,258.0,0.0
337.0,Clint Capela,31.0,HOU,C,70.0,2.0,868.0,106.0,207.0,0.512,0.0,0.0,,106.0,207.0,0.512,0.512,40.0,67.0,0.597,150.0,174.0,324.0,47.0,33.0,59.0,40.0,67.0,252.0,0.0
338.0,Carter Bryant,20.0,SAS,PF,67.0,0.0,725.0,91.0,236.0,0.386,42.0,137.0,0.307,49.0,99.0,0.495,0.475,27.0,38.0,0.711,32.0,130.0,162.0,35.0,15.0,19.0,28.0,81.0,251.0,0.0
339.0,Kevin Love,37.0,UTA,PF,37.0,5.0,613.0,79.0,199.0,0.397,53.0,142.0,0.373,26.0,57.0,0.456,0.53,37.0,44.0,0.841,55.0,160.0,215.0,67.0,14.0,9.0,30.0,54.0,248.0,0.0
340.0,Josh Green,25.0,CHO,SG,54.0,0.0,877.0,81.0,176.0,0.46,56.0,133.0,0.421,25.0,43.0,0.581,0.619,25.0,28.0,0.893,44.0,54.0,98.0,47.0,35.0,5.0,35.0,64.0,243.0,0.0
341.0,Jaylen Clark,24.0,MIN,SG,63.0,0.0,784.0,86.0,199.0,0.432,26.0,84.0,0.31,60.0,115.0,0.522,0.497,44.0,67.0,0.657,52.0,61.0,113.0,34.0,39.0,8.0,21.0,77.0,242.0,0.0
342.0,Pete Nance,25.0,MIL,PF,44.0,5.0,669.0,95.0,178.0,0.534,49.0,111.0,0.441,46.0,67.0,0.687,0.671,2.0,7.0,0.286,25.0,92.0,117.0,38.0,12.0,13.0,24.0,53.0,241.0,0.0
343.0,Moritz Wagner,28.0,ORL,C,34.0,0.0,416.0,80.0,188.0,0.426,22.0,68.0,0.324,58.0,120.0,0.483,0.484,59.0,72.0,0.819,25.0,85.0,110.0,25.0,15.0,1.0,19.0,56.0,241.0,0.0
344.0,Mohamed Diawara,20.0,NYK,SF,67.0,6.0,590.0,88.0,202.0,0.436,48.0,123.0,0.39,40.0,79.0,0.506,0.554,14.0,19.0,0.737,15.0,74.0,89.0,46.0,15.0,6.0,28.0,49.0,238.0,0.0
345.0,Cole Anthony,25.0,MIL,PG,35.0,0.0,527.0,98.0,231.0,0.424,22.0,72.0,0.306,76.0,159.0,0.478,0.472,16.0,26.0,0.615,16.0,71.0,87.0,121.0,20.0,11.0,65.0,73.0,234.0,0.0
346.0,Dejounte Murray,29.0,NOP,PG,14.0,14.0,389.0,88.0,182.0,0.484,19.0,62.0,0.306,69.0,120.0,0.575,0.536,39.0,45.0,0.867,4.0,71.0,75.0,89.0,23.0,3.0,47.0,33.0,234.0,0.0
347.0,Kyle Anderson,32.0,UTA/MEM/MIN,SF,39.0,3.0,762.0,93.0,177.0,0.525,4.0,10.0,0.4,89.0,167.0,0.533,0.537,43.0,61.0,0.705,36.0,97.0,133.0,108.0,39.0,23.0,38.0,89.0,233.0,0.0
348.0,Jamaree Bouyea,26.0,PHO,PG,42.0,0.0,573.0,95.0,204.0,0.466,20.0,67.0,0.299,75.0,137.0,0.547,0.515,22.0,31.0,0.71,17.0,58.0,75.0,68.0,28.0,14.0,22.0,36.0,232.0,0.0
349.0,Jalen Pickett,26.0,DEN,SG,47.0,18.0,741.0,87.0,205.0,0.424,44.0,114.0,0.386,43.0,91.0,0.473,0.532,13.0,15.0,0.867,18.0,89.0,107.0,104.0,13.0,4.0,30.0,41.0,231.0,0.0
350.0,Jase Richardson,20.0,ORL,SG,51.0,0.0,571.0,84.0,181.0,0.464,28.0,78.0,0.359,56.0,103.0,0.544,0.541,32.0,44.0,0.727,21.0,41.0,62.0,58.0,16.0,2.0,25.0,52.0,228.0,0.0
351.0,Caleb Martin,30.0,DAL,SF,58.0,12.0,856.0,85.0,189.0,0.45,20.0,57.0,0.351,65.0,132.0,0.492,0.503,37.0,61.0,0.607,28.0,115.0,143.0,81.0,40.0,15.0,40.0,86.0,227.0,0.0
352.0,Noah Penda,21.0,ORL,SF,56.0,2.0,741.0,82.0,199.0,0.412,30.0,90.0,0.333,52.0,109.0,0.477,0.487,33.0,48.0,0.688,67.0,120.0,187.0,68.0,30.0,18.0,42.0,69.0,227.0,0.0
353.0,Tyrese Proctor,21.0,CLE,PG,46.0,1.0,472.0,77.0,191.0,0.403,39.0,114.0,0.342,38.0,77.0,0.494,0.505,32.0,36.0,0.889,9.0,40.0,49.0,60.0,20.0,0.0,29.0,54.0,225.0,0.0
354.0,Grant Williams,27.0,CHO,PF,32.0,3.0,624.0,69.0,163.0,0.423,45.0,118.0,0.381,24.0,45.0,0.533,0.561,42.0,52.0,0.808,40.0,86.0,126.0,53.0,11.0,13.0,30.0,51.0,225.0,0.0
355.0,Tidjane Salaün,20.0,CHO,PF,36.0,0.0,571.0,80.0,158.0,0.506,36.0,83.0,0.434,44.0,75.0,0.587,0.62,26.0,40.0,0.65,26.0,123.0,149.0,27.0,16.0,7.0,25.0,54.0,222.0,0.0
356.0,Drew Eubanks,28.0,SAC,C,42.0,11.0,552.0,93.0,156.0,0.596,1.0,7.0,0.143,92.0,149.0,0.617,0.599,32.0,57.0,0.561,39.0,88.0,127.0,19.0,15.0,26.0,30.0,57.0,219.0,0.0
357.0,Gabe Vincent,29.0,LAL/ATL,PG,50.0,7.0,840.0,72.0,209.0,0.344,55.0,166.0,0.331,17.0,43.0,0.395,0.476,19.0,20.0,0.95,14.0,36.0,50.0,72.0,27.0,3.0,26.0,76.0,218.0,0.0
358.0,Mike Conley,38.0,MIN,PG,51.0,13.0,925.0,63.0,200.0,0.315,48.0,154.0,0.312,15.0,46.0,0.326,0.435,43.0,48.0,0.896,16.0,72.0,88.0,150.0,30.0,13.0,29.0,76.0,217.0,0.0
359.0,Rasheer Fleming,21.0,PHO,PF,51.0,0.0,597.0,79.0,194.0,0.407,40.0,116.0,0.345,39.0,78.0,0.5,0.51,18.0,32.0,0.563,56.0,59.0,115.0,12.0,19.0,19.0,21.0,59.0,216.0,0.0
360.0,Micah Peavy,24.0,NOP,SG,57.0,1.0,772.0,89.0,237.0,0.376,23.0,94.0,0.245,66.0,143.0,0.462,0.424,15.0,21.0,0.714,41.0,61.0,102.0,54.0,39.0,6.0,15.0,79.0,216.0,0.0
361.0,John Konchar,29.0,MEM/UTA,SG,52.0,8.0,988.0,81.0,172.0,0.471,25.0,90.0,0.278,56.0,82.0,0.683,0.544,25.0,36.0,0.694,61.0,142.0,203.0,93.0,68.0,33.0,28.0,72.0,212.0,0.0
362.0,Asa Newell,20.0,ATL,PF,42.0,1.0,453.0,83.0,154.0,0.539,28.0,71.0,0.394,55.0,83.0,0.663,0.63,14.0,25.0,0.56,39.0,44.0,83.0,23.0,15.0,13.0,21.0,63.0,208.0,0.0
363.0,Dylan Cardwell,24.0,SAC,C,40.0,1.0,809.0,88.0,154.0,0.571,0.0,1.0,0.0,88.0,153.0,0.575,0.571,26.0,49.0,0.531,130.0,170.0,300.0,57.0,25.0,57.0,35.0,140.0,202.0,0.0
364.0,Dalton Knecht,24.0,LAL,SF,50.0,1.0,515.0,78.0,175.0,0.446,31.0,102.0,0.304,47.0,73.0,0.644,0.534,14.0,20.0,0.7,13.0,55.0,68.0,17.0,10.0,10.0,20.0,41.0,201.0,0.0
365.0,Jordan Hawkins,23.0,NOP,SG,47.0,0.0,587.0,69.0,201.0,0.343,39.0,116.0,0.336,30.0,85.0,0.353,0.44,16.0,20.0,0.8,15.0,54.0,69.0,30.0,9.0,8.0,26.0,25.0,193.0,0.0
366.0,Cam Whitmore,21.0,WAS,SF,21.0,0.0,354.0,77.0,169.0,0.456,16.0,56.0,0.286,61.0,113.0,0.54,0.503,23.0,31.0,0.742,19.0,39.0,58.0,15.0,15.0,8.0,18.0,25.0,193.0,0.0
367.0,Dwight Powell,34.0,DAL,C,58.0,10.0,813.0,58.0,87.0,0.667,1.0,3.0,0.333,57.0,84.0,0.679,0.672,74.0,108.0,0.685,82.0,139.0,221.0,55.0,30.0,19.0,37.0,113.0,191.0,0.0
368.0,Obi Toppin,27.0,IND,PF,19.0,3.0,322.0,71.0,142.0,0.5,25.0,78.0,0.321,46.0,64.0,0.719,0.588,23.0,27.0,0.852,10.0,67.0,77.0,42.0,10.0,1.0,21.0,24.0,190.0,0.0
369.0,Marcus Sasser,25.0,DET,PG,34.0,5.0,424.0,66.0,162.0,0.407,42.0,97.0,0.433,24.0,65.0,0.369,0.537,15.0,18.0,0.833,7.0,29.0,36.0,70.0,20.0,3.0,29.0,39.0,189.0,0.0
370.0,Steven Adams,32.0,HOU,C,32.0,11.0,730.0,70.0,139.0,0.504,0.0,0.0,,70.0,139.0,0.504,0.504,47.0,81.0,0.58,145.0,131.0,276.0,48.0,22.0,20.0,35.0,55.0,187.0,0.0
371.0,Tyus Jones,29.0,ORL/DAL/DEN,PG,65.0,10.0,935.0,71.0,205.0,0.346,36.0,130.0,0.277,35.0,75.0,0.467,0.434,7.0,9.0,0.778,10.0,57.0,67.0,152.0,37.0,3.0,22.0,30.0,185.0,0.0
372.0,Jamison Battle,24.0,TOR,SF,56.0,2.0,498.0,69.0,137.0,0.504,35.0,83.0,0.422,34.0,54.0,0.63,0.631,8.0,12.0,0.667,19.0,69.0,88.0,22.0,7.0,3.0,19.0,42.0,181.0,0.0
373.0,Johnny Furphy,21.0,IND,SG,35.0,21.0,643.0,70.0,149.0,0.47,23.0,71.0,0.324,47.0,78.0,0.603,0.547,17.0,35.0,0.486,32.0,121.0,153.0,41.0,20.0,7.0,29.0,65.0,180.0,0.0
374.0,Zeke Nnaji,25.0,DEN,PF,49.0,3.0,585.0,66.0,140.0,0.471,13.0,49.0,0.265,53.0,91.0,0.582,0.518,34.0,44.0,0.773,31.0,97.0,128.0,24.0,17.0,21.0,25.0,63.0,179.0,0.0
375.0,Elijah Harkless,25.0,UTA,SG,26.0,9.0,545.0,54.0,161.0,0.335,21.0,88.0,0.239,33.0,73.0,0.452,0.401,49.0,64.0,0.766,10.0,43.0,53.0,75.0,31.0,6.0,26.0,52.0,178.0,0.0
376.0,Keaton Wallace,26.0,ATL,PG,51.0,2.0,496.0,66.0,157.0,0.42,37.0,93.0,0.398,29.0,64.0,0.453,0.538,9.0,14.0,0.643,3.0,49.0,52.0,86.0,23.0,5.0,25.0,45.0,178.0,0.0
377.0,Trayce Jackson-Davis,25.0,GSW/TOR,C,50.0,1.0,487.0,69.0,121.0,0.57,1.0,1.0,1.0,68.0,120.0,0.567,0.574,38.0,74.0,0.514,65.0,76.0,141.0,39.0,17.0,23.0,22.0,43.0,177.0,0.0
378.0,Yanic Konan Niederhäuser,22.0,LAC,C,41.0,0.0,424.0,64.0,100.0,0.64,1.0,5.0,0.2,63.0,95.0,0.663,0.645,47.0,62.0,0.758,37.0,80.0,117.0,12.0,5.0,30.0,23.0,66.0,176.0,0.0
379.0,Jamal Cain,26.0,ORL,SF,35.0,1.0,390.0,58.0,124.0,0.468,24.0,61.0,0.393,34.0,63.0,0.54,0.565,34.0,38.0,0.895,20.0,39.0,59.0,23.0,11.0,2.0,17.0,47.0,174.0,0.0
380.0,Branden Carlson,26.0,OKC,C,38.0,2.0,393.0,72.0,138.0,0.522,21.0,62.0,0.339,51.0,76.0,0.671,0.598,9.0,18.0,0.5,24.0,74.0,98.0,22.0,6.0,20.0,15.0,33.0,174.0,0.0
381.0,Dalen Terry,23.0,CHI/PHI,SG,47.0,0.0,546.0,67.0,154.0,0.435,24.0,66.0,0.364,43.0,88.0,0.489,0.513,16.0,29.0,0.552,25.0,59.0,84.0,66.0,29.0,15.0,26.0,49.0,174.0,0.0
382.0,Cameron Payne,31.0,PHI,PG,22.0,1.0,374.0,56.0,149.0,0.376,32.0,97.0,0.33,24.0,52.0,0.462,0.483,19.0,22.0,0.864,3.0,41.0,44.0,58.0,24.0,7.0,11.0,30.0,163.0,0.0
383.0,Lonzo Ball,28.0,CLE,PG,35.0,3.0,728.0,53.0,176.0,0.301,40.0,147.0,0.272,13.0,29.0,0.448,0.415,14.0,21.0,0.667,26.0,114.0,140.0,136.0,45.0,9.0,52.0,46.0,160.0,0.0
384.0,Myron Gardner,24.0,MIA,SF,41.0,7.0,395.0,57.0,119.0,0.479,26.0,64.0,0.406,31.0,55.0,0.564,0.588,19.0,26.0,0.731,38.0,79.0,117.0,40.0,20.0,8.0,15.0,73.0,159.0,0.0
385.0,Jahmai Mashack,23.0,MEM,SG,28.0,4.0,554.0,63.0,158.0,0.399,16.0,60.0,0.267,47.0,98.0,0.48,0.449,17.0,30.0,0.567,22.0,40.0,62.0,37.0,35.0,12.0,35.0,55.0,159.0,0.0
386.0,Taurean Prince,31.0,MIL,SF,21.0,3.0,456.0,57.0,131.0,0.435,38.0,94.0,0.404,19.0,37.0,0.514,0.58,5.0,5.0,1.0,3.0,47.0,50.0,30.0,13.0,4.0,20.0,42.0,157.0,0.0
387.0,Terrence Shannon Jr.,25.0,MIN,SG,38.0,1.0,436.0,51.0,124.0,0.411,21.0,55.0,0.382,30.0,69.0,0.435,0.496,34.0,44.0,0.773,9.0,33.0,42.0,27.0,13.0,1.0,18.0,44.0,157.0,0.0
388.0,Bogdan Bogdanović,33.0,LAC,SG,21.0,3.0,429.0,53.0,141.0,0.376,28.0,85.0,0.329,25.0,56.0,0.446,0.475,20.0,25.0,0.8,6.0,50.0,56.0,51.0,10.0,1.0,26.0,44.0,154.0,0.0
389.0,Ethan Thompson,26.0,IND,SG,27.0,8.0,488.0,54.0,140.0,0.386,30.0,87.0,0.345,24.0,53.0,0.453,0.493,15.0,21.0,0.714,13.0,37.0,50.0,40.0,17.0,8.0,17.0,59.0,153.0,0.0
390.0,Cam Christie,20.0,LAC,SG,51.0,0.0,461.0,51.0,132.0,0.386,12.0,49.0,0.245,39.0,83.0,0.47,0.432,38.0,50.0,0.76,18.0,58.0,76.0,30.0,16.0,3.0,21.0,18.0,152.0,0.0
391.0,Tony Bradley,28.0,IND,C,38.0,3.0,416.0,59.0,106.0,0.557,1.0,2.0,0.5,58.0,104.0,0.558,0.561,32.0,43.0,0.744,56.0,51.0,107.0,20.0,6.0,7.0,17.0,60.0,151.0,0.0
392.0,Zach Edey,23.0,MEM,C,11.0,11.0,284.0,62.0,98.0,0.633,1.0,5.0,0.2,61.0,93.0,0.656,0.638,25.0,32.0,0.781,43.0,79.0,122.0,12.0,7.0,21.0,26.0,37.0,150.0,0.0
393.0,Oscar Tshiebwe,26.0,UTA,C,23.0,2.0,347.0,65.0,103.0,0.631,0.0,0.0,,65.0,103.0,0.631,0.631,20.0,35.0,0.571,61.0,68.0,129.0,24.0,13.0,3.0,13.0,30.0,150.0,0.0
394.0,Matisse Thybulle,28.0,POR,SG,26.0,0.0,397.0,49.0,113.0,0.434,31.0,79.0,0.392,18.0,34.0,0.529,0.571,20.0,23.0,0.87,16.0,39.0,55.0,23.0,49.0,13.0,23.0,40.0,149.0,0.0
395.0,Nick Smith Jr.,21.0,LAL,SG,25.0,1.0,318.0,56.0,133.0,0.421,27.0,69.0,0.391,29.0,64.0,0.453,0.523,7.0,11.0,0.636,2.0,18.0,20.0,28.0,9.0,2.0,19.0,24.0,146.0,0.0
396.0,Jeremy Sochan,22.0,SAS/NYK,PF,42.0,0.0,443.0,60.0,120.0,0.5,9.0,39.0,0.231,51.0,81.0,0.63,0.538,17.0,24.0,0.708,33.0,67.0,100.0,35.0,16.0,7.0,21.0,57.0,146.0,0.0
397.0,Blake Wesley,22.0,POR,SG,28.0,0.0,353.0,55.0,120.0,0.458,10.0,35.0,0.286,45.0,85.0,0.529,0.5,25.0,45.0,0.556,8.0,29.0,37.0,62.0,16.0,5.0,30.0,33.0,145.0,0.0
398.0,LJ Cryer,24.0,GSW,PG,17.0,1.0,277.0,44.0,111.0,0.396,35.0,89.0,0.393,9.0,22.0,0.409,0.554,17.0,19.0,0.895,4.0,23.0,27.0,16.0,2.0,0.0,12.0,27.0,140.0,0.0
399.0,Kam Jones,23.0,IND,SG,32.0,7.0,511.0,58.0,136.0,0.426,19.0,61.0,0.311,39.0,75.0,0.52,0.496,4.0,8.0,0.5,10.0,40.0,50.0,97.0,17.0,0.0,30.0,34.0,139.0,0.0
400.0,Taelon Peter,23.0,IND,SG,33.0,0.0,394.0,48.0,128.0,0.375,35.0,106.0,0.33,13.0,22.0,0.591,0.512,7.0,13.0,0.538,6.0,41.0,47.0,33.0,20.0,4.0,21.0,31.0,138.0,0.0
401.0,Moussa Cisse,23.0,DAL,C,35.0,1.0,448.0,53.0,90.0,0.589,0.0,0.0,,53.0,90.0,0.589,0.589,29.0,66.0,0.439,71.0,108.0,179.0,8.0,15.0,39.0,26.0,65.0,135.0,0.0
402.0,Doug McDermott,34.0,SAC,SF,25.0,0.0,360.0,46.0,113.0,0.407,41.0,103.0,0.398,5.0,10.0,0.5,0.588,2.0,2.0,1.0,6.0,23.0,29.0,16.0,4.0,3.0,10.0,19.0,135.0,0.0
403.0,Jonathan Isaac,28.0,ORL,PF,52.0,0.0,521.0,46.0,109.0,0.422,7.0,38.0,0.184,39.0,71.0,0.549,0.454,35.0,58.0,0.603,43.0,89.0,132.0,22.0,20.0,31.0,18.0,41.0,134.0,0.0
404.0,Kelly Olynyk,34.0,SAS,C,42.0,0.0,360.0,47.0,96.0,0.49,12.0,47.0,0.255,35.0,49.0,0.714,0.552,27.0,38.0,0.711,24.0,52.0,76.0,49.0,15.0,3.0,24.0,39.0,133.0,0.0
405.0,Liam McNeeley,20.0,CHO,SF,30.0,0.0,363.0,38.0,94.0,0.404,24.0,60.0,0.4,14.0,34.0,0.412,0.532,32.0,39.0,0.821,13.0,59.0,72.0,23.0,5.0,3.0,13.0,36.0,132.0,0.0
406.0,Tyler Burton,25.0,MEM,SF,12.0,0.0,307.0,42.0,112.0,0.375,22.0,66.0,0.333,20.0,46.0,0.435,0.473,23.0,27.0,0.852,8.0,42.0,50.0,12.0,11.0,4.0,11.0,31.0,129.0,0.0
407.0,Malaki Branham,22.0,WAS,SG,28.0,0.0,275.0,43.0,91.0,0.473,14.0,37.0,0.378,29.0,54.0,0.537,0.549,28.0,34.0,0.824,12.0,32.0,44.0,23.0,10.0,3.0,15.0,21.0,128.0,0.0
408.0,Amir Coffey,28.0,MIL/PHO,SG,43.0,2.0,437.0,45.0,93.0,0.484,13.0,41.0,0.317,32.0,52.0,0.615,0.554,22.0,28.0,0.786,18.0,34.0,52.0,24.0,8.0,5.0,6.0,28.0,125.0,0.0
409.0,AJ Johnson,21.0,WAS/DAL,SG,44.0,0.0,386.0,46.0,142.0,0.324,11.0,48.0,0.229,35.0,94.0,0.372,0.363,19.0,23.0,0.826,11.0,39.0,50.0,41.0,10.0,2.0,24.0,24.0,122.0,0.0
410.0,Gary Harris,31.0,MIL,SG,46.0,2.0,632.0,43.0,95.0,0.453,27.0,64.0,0.422,16.0,31.0,0.516,0.595,8.0,9.0,0.889,14.0,43.0,57.0,49.0,26.0,7.0,19.0,50.0,121.0,0.0
411.0,Blake Hinson,26.0,UTA,SF,11.0,1.0,214.0,40.0,77.0,0.519,29.0,57.0,0.509,11.0,20.0,0.55,0.708,8.0,12.0,0.667,8.0,16.0,24.0,9.0,1.0,2.0,2.0,21.0,117.0,0.0
412.0,Julian Phillips,22.0,CHI/MIN,SF,44.0,2.0,371.0,42.0,99.0,0.424,17.0,54.0,0.315,25.0,45.0,0.556,0.51,15.0,17.0,0.882,22.0,24.0,46.0,9.0,21.0,7.0,8.0,34.0,116.0,0.0
413.0,Tyson Etienne,26.0,BRK,PG,19.0,0.0,223.0,34.0,81.0,0.42,30.0,68.0,0.441,4.0,13.0,0.308,0.605,16.0,18.0,0.889,2.0,10.0,12.0,23.0,8.0,0.0,10.0,30.0,114.0,0.0
414.0,Dorian Finney-Smith,32.0,HOU,PF,36.0,1.0,599.0,41.0,124.0,0.331,26.0,95.0,0.274,15.0,29.0,0.517,0.435,6.0,7.0,0.857,33.0,58.0,91.0,35.0,15.0,6.0,22.0,60.0,114.0,0.0
415.0,Scotty Pippen Jr.,25.0,MEM,PG,10.0,6.0,212.0,43.0,96.0,0.448,10.0,32.0,0.313,33.0,64.0,0.516,0.5,18.0,23.0,0.783,8.0,14.0,22.0,47.0,19.0,4.0,27.0,31.0,114.0,0.0
416.0,Khaman Maluach,19.0,PHO,C,42.0,0.0,343.0,44.0,82.0,0.537,3.0,15.0,0.2,41.0,67.0,0.612,0.555,22.0,31.0,0.71,38.0,64.0,102.0,6.0,4.0,28.0,24.0,37.0,113.0,0.0
417.0,Jae'Sean Tate,30.0,HOU,SF,42.0,0.0,353.0,48.0,96.0,0.5,9.0,30.0,0.3,39.0,66.0,0.591,0.547,7.0,10.0,0.7,26.0,33.0,59.0,19.0,9.0,3.0,12.0,44.0,112.0,0.0
418.0,Pat Connaughton,33.0,CHO,SG,39.0,0.0,287.0,38.0,83.0,0.458,21.0,51.0,0.412,17.0,32.0,0.531,0.584,13.0,20.0,0.65,13.0,45.0,58.0,18.0,11.0,1.0,10.0,9.0,110.0,0.0
419.0,Max Strus,29.0,CLE,SF,8.0,2.0,195.0,38.0,71.0,0.535,29.0,58.0,0.5,9.0,13.0,0.692,0.739,5.0,6.0,0.833,8.0,39.0,47.0,15.0,3.0,0.0,7.0,25.0,110.0,0.0
420.0,Chaney Johnson,23.0,BRK,SF,14.0,0.0,282.0,40.0,72.0,0.556,7.0,25.0,0.28,33.0,47.0,0.702,0.604,22.0,28.0,0.786,25.0,34.0,59.0,32.0,13.0,7.0,18.0,45.0,109.0,0.0
421.0,Joan Beringer,19.0,MIN,PF,35.0,1.0,228.0,45.0,69.0,0.652,0.0,0.0,,45.0,69.0,0.652,0.652,13.0,21.0,0.619,33.0,33.0,66.0,8.0,5.0,15.0,8.0,37.0,103.0,0.0
422.0,Kennedy Chandler,23.0,UTA,PG,8.0,1.0,251.0,37.0,95.0,0.389,8.0,27.0,0.296,29.0,68.0,0.426,0.432,21.0,31.0,0.677,4.0,21.0,25.0,51.0,7.0,2.0,15.0,20.0,103.0,0.0
423.0,Ariel Hukporti,23.0,NYK,C,52.0,4.0,455.0,37.0,68.0,0.544,1.0,4.0,0.25,36.0,64.0,0.563,0.551,26.0,33.0,0.788,53.0,93.0,146.0,27.0,8.0,24.0,29.0,62.0,101.0,0.0
424.0,Keshad Johnson,24.0,MIA,SF,28.0,0.0,211.0,36.0,82.0,0.439,12.0,38.0,0.316,24.0,44.0,0.545,0.512,17.0,25.0,0.68,20.0,31.0,51.0,4.0,10.0,7.0,12.0,21.0,101.0,0.0
425.0,Larry Nance Jr.,33.0,CLE,PF,31.0,2.0,369.0,39.0,102.0,0.382,19.0,55.0,0.345,20.0,47.0,0.426,0.475,4.0,7.0,0.571,26.0,54.0,80.0,29.0,17.0,4.0,14.0,49.0,101.0,0.0
426.0,Jeremiah Robinson-Earl,25.0,IND/DAL,PF,22.0,3.0,361.0,37.0,100.0,0.37,10.0,41.0,0.244,27.0,59.0,0.458,0.42,17.0,18.0,0.944,36.0,67.0,103.0,15.0,9.0,1.0,12.0,26.0,101.0,0.0
427.0,Zach Collins,28.0,CHI,C,10.0,0.0,184.0,37.0,64.0,0.578,9.0,21.0,0.429,28.0,43.0,0.651,0.648,14.0,20.0,0.7,16.0,40.0,56.0,15.0,2.0,4.0,10.0,18.0,97.0,0.0
428.0,Andre Jackson Jr.,24.0,MIL,SG,44.0,1.0,342.0,34.0,102.0,0.333,15.0,53.0,0.283,19.0,49.0,0.388,0.407,14.0,20.0,0.7,24.0,35.0,59.0,38.0,16.0,2.0,26.0,38.0,97.0,0.0
429.0,Yang Hansen,20.0,POR,C,41.0,1.0,296.0,31.0,100.0,0.31,5.0,42.0,0.119,26.0,58.0,0.448,0.335,28.0,34.0,0.824,20.0,45.0,65.0,22.0,3.0,10.0,32.0,43.0,95.0,0.0
430.0,Duop Reath,29.0,POR,C,32.0,0.0,258.0,33.0,74.0,0.446,23.0,55.0,0.418,10.0,19.0,0.526,0.601,5.0,6.0,0.833,10.0,28.0,38.0,10.0,5.0,8.0,7.0,28.0,94.0,0.0
431.0,MarJon Beauchamp,25.0,PHI,SF,13.0,1.0,194.0,32.0,74.0,0.432,16.0,46.0,0.348,16.0,28.0,0.571,0.541,12.0,17.0,0.706,6.0,25.0,31.0,15.0,9.0,4.0,13.0,13.0,92.0,0.0
432.0,Killian Hayes,24.0,SAC,PG,19.0,3.0,316.0,32.0,111.0,0.288,13.0,51.0,0.255,19.0,60.0,0.317,0.347,15.0,16.0,0.938,3.0,42.0,45.0,68.0,12.0,4.0,21.0,28.0,92.0,0.0
433.0,Lindy Waters III,28.0,SAS,SG,39.0,0.0,280.0,32.0,86.0,0.372,26.0,77.0,0.338,6.0,9.0,0.667,0.523,2.0,3.0,0.667,3.0,25.0,28.0,19.0,5.0,1.0,7.0,23.0,92.0,0.0
434.0,Ron Harper Jr.,25.0,BOS,SF,26.0,2.0,268.0,33.0,83.0,0.398,22.0,64.0,0.344,11.0,19.0,0.579,0.53,1.0,2.0,0.5,14.0,27.0,41.0,17.0,6.0,9.0,5.0,20.0,89.0,0.0
435.0,Bronny James,21.0,LAL,SG,37.0,1.0,292.0,34.0,87.0,0.391,15.0,40.0,0.375,19.0,47.0,0.404,0.477,6.0,7.0,0.857,4.0,13.0,17.0,41.0,14.0,4.0,19.0,23.0,89.0,0.0
436.0,KJ Simpson,23.0,CHO/DEN,PG,18.0,2.0,248.0,33.0,97.0,0.34,12.0,40.0,0.3,21.0,57.0,0.368,0.402,11.0,18.0,0.611,8.0,26.0,34.0,43.0,16.0,0.0,24.0,18.0,89.0,0.0
437.0,DaRon Holmes,23.0,DEN,PF,22.0,6.0,200.0,30.0,58.0,0.517,19.0,42.0,0.452,11.0,16.0,0.688,0.681,9.0,11.0,0.818,6.0,24.0,30.0,16.0,0.0,4.0,11.0,19.0,88.0,0.0
438.0,DeJon Jarreau,28.0,MEM,SG,11.0,0.0,231.0,33.0,83.0,0.398,4.0,30.0,0.133,29.0,53.0,0.547,0.422,18.0,23.0,0.783,12.0,39.0,51.0,36.0,10.0,8.0,26.0,28.0,88.0,0.0
439.0,A.J. Lawson,25.0,TOR,SG,19.0,0.0,182.0,29.0,62.0,0.468,16.0,35.0,0.457,13.0,27.0,0.481,0.597,12.0,14.0,0.857,7.0,27.0,34.0,6.0,10.0,4.0,6.0,25.0,86.0,0.0
440.0,Nate Williams,26.0,GSW,SG,12.0,1.0,192.0,33.0,68.0,0.485,9.0,21.0,0.429,24.0,47.0,0.511,0.551,11.0,13.0,0.846,15.0,9.0,24.0,10.0,5.0,0.0,11.0,23.0,86.0,0.0
441.0,PJ Hall,23.0,MEM/CHO,C,19.0,2.0,214.0,30.0,59.0,0.508,3.0,5.0,0.6,27.0,54.0,0.5,0.534,23.0,29.0,0.793,33.0,42.0,75.0,10.0,3.0,10.0,16.0,22.0,86.0,0.0
442.0,Jordan McLaughlin,29.0,SAS,PG,41.0,0.0,266.0,31.0,75.0,0.413,16.0,39.0,0.41,15.0,36.0,0.417,0.52,4.0,5.0,0.8,5.0,22.0,27.0,37.0,19.0,2.0,15.0,11.0,82.0,0.0
443.0,Julian Reese,22.0,WAS,PF,8.0,6.0,228.0,32.0,57.0,0.561,0.0,0.0,,32.0,57.0,0.561,0.561,16.0,24.0,0.667,31.0,55.0,86.0,15.0,7.0,3.0,19.0,30.0,80.0,0.0
444.0,Maxi Kleber,34.0,LAL,PF,38.0,1.0,403.0,29.0,63.0,0.46,6.0,23.0,0.261,23.0,40.0,0.575,0.508,14.0,24.0,0.583,31.0,44.0,75.0,23.0,16.0,10.0,14.0,53.0,78.0,0.0
445.0,Garrison Mathews,29.0,IND,SG,15.0,1.0,196.0,21.0,52.0,0.404,17.0,46.0,0.37,4.0,6.0,0.667,0.567,19.0,23.0,0.826,2.0,15.0,17.0,10.0,6.0,3.0,3.0,19.0,78.0,0.0
446.0,Leaky Black,26.0,WAS,SF,10.0,5.0,285.0,27.0,62.0,0.435,12.0,28.0,0.429,15.0,34.0,0.441,0.532,7.0,8.0,0.875,13.0,40.0,53.0,17.0,7.0,7.0,6.0,25.0,73.0,0.0
447.0,Chaz Lanier,24.0,DET,SG,30.0,0.0,232.0,25.0,78.0,0.321,18.0,60.0,0.3,7.0,18.0,0.389,0.436,5.0,6.0,0.833,7.0,13.0,20.0,15.0,7.0,0.0,2.0,11.0,73.0,0.0
448.0,Malachi Smith,26.0,BRK,SG,10.0,0.0,182.0,29.0,55.0,0.527,12.0,22.0,0.545,17.0,33.0,0.515,0.636,3.0,3.0,1.0,7.0,14.0,21.0,20.0,10.0,4.0,10.0,5.0,73.0,0.0
449.0,Walker Kessler,24.0,UTA,C,5.0,5.0,154.0,26.0,37.0,0.703,6.0,8.0,0.75,20.0,29.0,0.69,0.784,14.0,20.0,0.7,23.0,31.0,54.0,15.0,7.0,9.0,16.0,22.0,72.0,0.0
450.0,Drew Timme,25.0,LAL,PF,23.0,0.0,187.0,30.0,51.0,0.588,8.0,19.0,0.421,22.0,32.0,0.688,0.667,4.0,7.0,0.571,9.0,19.0,28.0,17.0,5.0,0.0,7.0,15.0,72.0,0.0
451.0,Chris Youngblood,23.0,OKC/POR,SG,33.0,0.0,183.0,22.0,63.0,0.349,18.0,54.0,0.333,4.0,9.0,0.444,0.492,9.0,10.0,0.9,7.0,21.0,28.0,12.0,4.0,3.0,2.0,21.0,71.0,0.0
452.0,Christian Koloko,25.0,LAL/MEM/ATL,C,26.0,4.0,336.0,30.0,69.0,0.435,1.0,7.0,0.143,29.0,62.0,0.468,0.442,8.0,11.0,0.727,28.0,45.0,73.0,17.0,14.0,22.0,13.0,44.0,69.0,0.0
453.0,Isaiah Livers,27.0,PHO,PF,36.0,0.0,347.0,22.0,64.0,0.344,12.0,40.0,0.3,10.0,24.0,0.417,0.438,9.0,12.0,0.75,19.0,42.0,61.0,21.0,13.0,8.0,12.0,28.0,65.0,0.0
454.0,RayJ Dennis,24.0,IND/LAC/ATL,PG,16.0,0.0,180.0,22.0,73.0,0.301,12.0,39.0,0.308,10.0,34.0,0.294,0.384,8.0,9.0,0.889,8.0,15.0,23.0,30.0,4.0,4.0,15.0,17.0,64.0,0.0
455.0,Lachlan Olbrich,22.0,CHI,C,32.0,0.0,227.0,25.0,50.0,0.5,2.0,12.0,0.167,23.0,38.0,0.605,0.52,11.0,28.0,0.393,25.0,44.0,69.0,21.0,6.0,4.0,13.0,35.0,63.0,0.0
456.0,Jeff Green,39.0,HOU,PF,29.0,0.0,151.0,23.0,60.0,0.383,12.0,40.0,0.3,11.0,20.0,0.55,0.483,3.0,3.0,1.0,5.0,15.0,20.0,7.0,1.0,1.0,1.0,10.0,61.0,0.0
457.0,JD Davison,23.0,HOU,PG,27.0,0.0,192.0,22.0,55.0,0.4,8.0,28.0,0.286,14.0,27.0,0.519,0.473,8.0,13.0,0.615,2.0,22.0,24.0,28.0,5.0,4.0,7.0,17.0,60.0,0.0
458.0,Cormac Ryan,27.0,MIL,SG,6.0,0.0,111.0,17.0,36.0,0.472,10.0,22.0,0.455,7.0,14.0,0.5,0.611,12.0,13.0,0.923,3.0,1.0,4.0,7.0,4.0,2.0,6.0,13.0,56.0,0.0
459.0,E.J. Liddell,25.0,BRK,PF,21.0,0.0,203.0,22.0,57.0,0.386,7.0,33.0,0.212,15.0,24.0,0.625,0.447,4.0,7.0,0.571,9.0,31.0,40.0,15.0,3.0,8.0,8.0,28.0,55.0,0.0
460.0,Bez Mbeng,22.0,UTA,SG,12.0,3.0,358.0,21.0,53.0,0.396,3.0,20.0,0.15,18.0,33.0,0.545,0.425,10.0,15.0,0.667,13.0,26.0,39.0,39.0,21.0,5.0,15.0,41.0,55.0,0.0
461.0,Malevy Leons,26.0,GSW,SF,21.0,1.0,203.0,22.0,52.0,0.423,3.0,13.0,0.231,19.0,39.0,0.487,0.452,7.0,11.0,0.636,23.0,17.0,40.0,15.0,10.0,7.0,8.0,24.0,54.0,0.0
462.0,DeAndre Jordan,37.0,NOP,C,12.0,7.0,199.0,21.0,32.0,0.656,0.0,0.0,,21.0,32.0,0.656,0.656,11.0,17.0,0.647,26.0,50.0,76.0,11.0,4.0,10.0,9.0,16.0,53.0,0.0
463.0,Jonathan Mogbo,24.0,TOR,PF,35.0,0.0,220.0,23.0,41.0,0.561,0.0,1.0,0.0,23.0,40.0,0.575,0.561,7.0,12.0,0.583,19.0,42.0,61.0,22.0,10.0,8.0,11.0,22.0,53.0,0.0
464.0,Kevon Looney,29.0,NOP,C,19.0,6.0,254.0,23.0,54.0,0.426,1.0,9.0,0.111,22.0,45.0,0.489,0.435,5.0,8.0,0.625,44.0,56.0,100.0,25.0,6.0,9.0,8.0,32.0,52.0,0.0
465.0,Bradley Beal,32.0,LAC,SG,6.0,6.0,121.0,18.0,48.0,0.375,7.0,19.0,0.368,11.0,29.0,0.379,0.448,6.0,8.0,0.75,2.0,3.0,5.0,10.0,3.0,0.0,9.0,14.0,49.0,0.0
466.0,Alijah Martin,24.0,TOR,SG,20.0,0.0,130.0,15.0,44.0,0.341,4.0,20.0,0.2,11.0,24.0,0.458,0.386,14.0,18.0,0.778,9.0,12.0,21.0,10.0,8.0,4.0,5.0,10.0,48.0,0.0
467.0,Brooks Barnhizer,23.0,OKC,SG,37.0,0.0,283.0,19.0,51.0,0.373,5.0,17.0,0.294,14.0,34.0,0.412,0.422,4.0,6.0,0.667,14.0,49.0,63.0,19.0,7.0,4.0,8.0,23.0,47.0,0.0
468.0,Chris Paul,40.0,LAC,PG,16.0,0.0,228.0,18.0,56.0,0.321,10.0,30.0,0.333,8.0,26.0,0.308,0.411,1.0,2.0,0.5,6.0,22.0,28.0,53.0,11.0,0.0,16.0,23.0,47.0,0.0
469.0,Jalen Slawson,26.0,IND,SF,8.0,3.0,172.0,15.0,43.0,0.349,8.0,24.0,0.333,7.0,19.0,0.368,0.442,8.0,9.0,0.889,4.0,31.0,35.0,22.0,11.0,11.0,7.0,18.0,46.0,0.0
470.0,Hunter Tyson,25.0,DEN,PF,21.0,2.0,162.0,14.0,52.0,0.269,7.0,33.0,0.212,7.0,19.0,0.368,0.337,11.0,13.0,0.846,4.0,32.0,36.0,17.0,2.0,1.0,5.0,13.0,46.0,0.0
471.0,John Poulakidas,22.0,DAL,SG,8.0,0.0,133.0,15.0,40.0,0.375,12.0,35.0,0.343,3.0,5.0,0.6,0.525,2.0,2.0,1.0,4.0,16.0,20.0,6.0,4.0,0.0,3.0,17.0,44.0,0.0
472.0,Alondes Williams,26.0,WAS,SG,4.0,0.0,101.0,16.0,26.0,0.615,5.0,14.0,0.357,11.0,12.0,0.917,0.712,7.0,8.0,0.875,5.0,20.0,25.0,12.0,3.0,3.0,5.0,4.0,44.0,0.0
473.0,Johnny Juzang,24.0,MIN,SG,21.0,0.0,88.0,16.0,38.0,0.421,6.0,24.0,0.25,10.0,14.0,0.714,0.5,5.0,8.0,0.625,5.0,12.0,17.0,6.0,2.0,1.0,5.0,3.0,43.0,0.0
474.0,Miles Kelly,23.0,DAL,PG,14.0,0.0,134.0,16.0,44.0,0.364,10.0,33.0,0.303,6.0,11.0,0.545,0.477,1.0,1.0,1.0,5.0,19.0,24.0,12.0,4.0,1.0,6.0,12.0,43.0,0.0
475.0,Tolu Smith,25.0,DET,PF,12.0,0.0,118.0,14.0,28.0,0.5,0.0,0.0,,14.0,28.0,0.5,0.5,15.0,22.0,0.682,19.0,24.0,43.0,11.0,2.0,6.0,7.0,19.0,43.0,0.0
476.0,Caleb Houstan,23.0,ATL,SF,18.0,0.0,75.0,14.0,26.0,0.538,11.0,21.0,0.524,3.0,5.0,0.6,0.75,3.0,3.0,1.0,5.0,6.0,11.0,4.0,2.0,1.0,4.0,11.0,42.0,0.0
477.0,Seth Curry,35.0,GSW,SG,6.0,0.0,69.0,15.0,26.0,0.577,6.0,12.0,0.5,9.0,14.0,0.643,0.692,3.0,3.0,1.0,3.0,6.0,9.0,7.0,2.0,0.0,0.0,4.0,39.0,0.0
478.0,Xavier Tillman Sr.,27.0,BOS/CHO,C,28.0,1.0,178.0,17.0,43.0,0.395,3.0,18.0,0.167,14.0,25.0,0.56,0.43,1.0,4.0,0.25,19.0,22.0,41.0,13.0,8.0,5.0,8.0,15.0,38.0,0.0
479.0,Thanasis Antetokounmpo,33.0,MIL,SF,31.0,0.0,115.0,11.0,24.0,0.458,0.0,3.0,0.0,11.0,21.0,0.524,0.458,15.0,24.0,0.625,10.0,18.0,28.0,9.0,11.0,5.0,9.0,14.0,37.0,0.0
480.0,Yuki Kawamura,24.0,CHI,PG,13.0,0.0,142.0,9.0,28.0,0.321,6.0,18.0,0.333,3.0,10.0,0.3,0.429,12.0,13.0,0.923,7.0,17.0,24.0,36.0,8.0,0.0,12.0,8.0,36.0,0.0
481.0,Kevin McCullar Jr.,24.0,NYK,SF,20.0,0.0,130.0,14.0,36.0,0.389,6.0,18.0,0.333,8.0,18.0,0.444,0.472,2.0,5.0,0.4,10.0,16.0,26.0,19.0,7.0,0.0,12.0,18.0,36.0,0.0
482.0,Kobe Bufkin,22.0,LAL,SG,13.0,1.0,94.0,12.0,41.0,0.293,3.0,22.0,0.136,9.0,19.0,0.474,0.329,8.0,8.0,1.0,1.0,8.0,9.0,5.0,2.0,3.0,4.0,7.0,35.0,0.0
483.0,Pacôme Dadiet,20.0,NYK,SG,27.0,0.0,105.0,11.0,35.0,0.314,6.0,25.0,0.24,5.0,10.0,0.5,0.4,6.0,6.0,1.0,3.0,19.0,22.0,10.0,3.0,1.0,2.0,6.0,34.0,0.0
484.0,Nigel Hayes-Davis,31.0,PHO,SF,27.0,0.0,195.0,15.0,46.0,0.326,2.0,16.0,0.125,13.0,30.0,0.433,0.348,2.0,4.0,0.5,12.0,21.0,33.0,7.0,8.0,2.0,8.0,16.0,34.0,0.0
485.0,Omer Yurtseven,27.0,GSW,C,9.0,0.0,104.0,11.0,26.0,0.423,0.0,4.0,0.0,11.0,22.0,0.5,0.423,12.0,18.0,0.667,13.0,17.0,30.0,8.0,2.0,1.0,9.0,15.0,34.0,0.0
486.0,Eric Gordon,37.0,PHI,SG,6.0,0.0,74.0,12.0,21.0,0.571,8.0,14.0,0.571,4.0,7.0,0.571,0.762,1.0,2.0,0.5,1.0,1.0,2.0,3.0,4.0,1.0,3.0,3.0,33.0,0.0
487.0,Haywood Highsmith,29.0,PHO,SF,6.0,0.0,80.0,10.0,20.0,0.5,8.0,13.0,0.615,2.0,7.0,0.286,0.7,5.0,6.0,0.833,6.0,7.0,13.0,7.0,4.0,0.0,0.0,8.0,33.0,0.0
488.0,Patrick Baldwin Jr.,23.0,LAC/PHI/SAC,SF,9.0,1.0,102.0,11.0,27.0,0.407,6.0,14.0,0.429,5.0,13.0,0.385,0.519,5.0,7.0,0.714,12.0,11.0,23.0,5.0,3.0,5.0,5.0,15.0,33.0,0.0
489.0,David Jones García,24.0,SAS,SF,11.0,0.0,68.0,13.0,25.0,0.52,3.0,5.0,0.6,10.0,20.0,0.5,0.58,3.0,6.0,0.5,4.0,9.0,13.0,18.0,6.0,1.0,5.0,6.0,32.0,0.0
490.0,DaQuan Jeffries,28.0,SAC,SG,3.0,0.0,60.0,11.0,19.0,0.579,4.0,9.0,0.444,7.0,10.0,0.7,0.684,5.0,5.0,1.0,3.0,2.0,5.0,1.0,2.0,0.0,0.0,9.0,31.0,0.0
491.0,Mac McClung,27.0,IND/CHI,SG,6.0,0.0,63.0,12.0,32.0,0.375,2.0,14.0,0.143,10.0,18.0,0.556,0.406,5.0,6.0,0.833,2.0,5.0,7.0,3.0,5.0,3.0,4.0,9.0,31.0,0.0
492.0,Dereck Lively II,21.0,DAL,C,7.0,4.0,115.0,11.0,18.0,0.611,0.0,0.0,,11.0,18.0,0.611,0.611,8.0,10.0,0.8,14.0,23.0,37.0,13.0,4.0,11.0,10.0,21.0,30.0,0.0
493.0,Adou Thiero,21.0,LAL,SF,21.0,0.0,108.0,10.0,22.0,0.455,0.0,1.0,0.0,10.0,21.0,0.476,0.455,9.0,12.0,0.75,7.0,13.0,20.0,6.0,5.0,2.0,5.0,17.0,29.0,0.0
494.0,Mason Plumlee,35.0,CHO/SAS,C,19.0,2.0,156.0,10.0,13.0,0.769,0.0,0.0,,10.0,13.0,0.769,0.769,9.0,14.0,0.643,16.0,34.0,50.0,19.0,10.0,0.0,12.0,16.0,29.0,0.0
495.0,Taj Gibson,40.0,MEM,C,7.0,0.0,65.0,10.0,18.0,0.556,3.0,5.0,0.6,7.0,13.0,0.538,0.639,5.0,6.0,0.833,6.0,9.0,15.0,4.0,2.0,1.0,1.0,10.0,28.0,0.0
496.0,Luke Travers,24.0,CLE,SG,12.0,0.0,103.0,9.0,36.0,0.25,1.0,16.0,0.063,8.0,20.0,0.4,0.264,9.0,9.0,1.0,9.0,15.0,24.0,9.0,7.0,4.0,3.0,6.0,28.0,0.0
497.0,Amari Williams,24.0,BOS,PF,21.0,2.0,136.0,9.0,19.0,0.474,0.0,0.0,,9.0,19.0,0.474,0.474,10.0,14.0,0.714,9.0,30.0,39.0,9.0,3.0,10.0,10.0,17.0,28.0,0.0
498.0,Antonio Reeves,25.0,CHO,SG,10.0,0.0,68.0,10.0,20.0,0.5,7.0,13.0,0.538,3.0,7.0,0.429,0.675,0.0,0.0,,2.0,6.0,8.0,3.0,1.0,0.0,1.0,3.0,27.0,0.0
499.0,Andersson Garcia,25.0,UTA,SF,5.0,2.0,169.0,9.0,29.0,0.31,1.0,13.0,0.077,8.0,16.0,0.5,0.328,7.0,9.0,0.778,17.0,25.0,42.0,14.0,8.0,4.0,7.0,16.0,26.0,0.0
500.0,Adama-Alpha Bal,22.0,MEM,,4.0,0.0,102.0,9.0,25.0,0.36,5.0,15.0,0.333,4.0,10.0,0.4,0.46,2.0,3.0,0.667,2.0,7.0,9.0,8.0,3.0,0.0,3.0,13.0,25.0,0.0
501.0,Kadary Richmond,24.0,WAS,SG,3.0,0.0,67.0,10.0,16.0,0.625,2.0,4.0,0.5,8.0,12.0,0.667,0.688,3.0,3.0,1.0,1.0,9.0,10.0,8.0,8.0,1.0,2.0,2.0,25.0,0.0
502.0,Javonte Cooke,26.0,POR,SG,19.0,0.0,94.0,9.0,41.0,0.22,3.0,23.0,0.13,6.0,18.0,0.333,0.256,2.0,2.0,1.0,4.0,15.0,19.0,7.0,6.0,0.0,9.0,6.0,23.0,0.0
503.0,Charles Bassey,25.0,MEM/PHI/BOS,C,8.0,0.0,53.0,10.0,16.0,0.625,0.0,0.0,,10.0,16.0,0.625,0.625,3.0,7.0,0.429,11.0,10.0,21.0,2.0,2.0,4.0,2.0,8.0,23.0,0.0
504.0,Koby Brea,23.0,PHO,SG,9.0,0.0,40.0,7.0,17.0,0.412,6.0,14.0,0.429,1.0,3.0,0.333,0.588,2.0,2.0,1.0,0.0,2.0,2.0,6.0,0.0,0.0,1.0,4.0,22.0,0.0
505.0,Bobi Klintman,22.0,DET,SF,12.0,0.0,71.0,9.0,27.0,0.333,4.0,13.0,0.308,5.0,14.0,0.357,0.407,0.0,3.0,0.0,5.0,14.0,19.0,6.0,3.0,0.0,6.0,11.0,22.0,0.0
506.0,Mark Sears,23.0,MIL,PG,7.0,0.0,26.0,6.0,13.0,0.462,4.0,8.0,0.5,2.0,5.0,0.4,0.615,6.0,8.0,0.75,1.0,1.0,2.0,2.0,0.0,0.0,4.0,4.0,22.0,0.0
507.0,Bismack Biyombo,33.0,SAS,C,24.0,1.0,136.0,8.0,14.0,0.571,0.0,0.0,,8.0,14.0,0.571,0.571,5.0,7.0,0.714,5.0,20.0,25.0,5.0,4.0,2.0,7.0,27.0,21.0,0.0
508.0,Chris Boucher,33.0,BOS,PF,9.0,0.0,94.0,8.0,25.0,0.32,2.0,15.0,0.133,6.0,10.0,0.6,0.36,3.0,4.0,0.75,2.0,16.0,18.0,3.0,5.0,7.0,1.0,17.0,21.0,0.0
509.0,Tyler Smith,21.0,DAL,PF,8.0,0.0,77.0,8.0,25.0,0.32,3.0,16.0,0.188,5.0,9.0,0.556,0.38,2.0,4.0,0.5,8.0,14.0,22.0,2.0,2.0,0.0,3.0,6.0,21.0,0.0
510.0,TyTy Washington Jr.,24.0,LAC,PG,12.0,0.0,72.0,9.0,19.0,0.474,3.0,8.0,0.375,6.0,11.0,0.545,0.553,0.0,0.0,,1.0,3.0,4.0,15.0,4.0,2.0,3.0,5.0,21.0,0.0
511.0,Jahmir Young,25.0,MIA,PG,11.0,0.0,51.0,8.0,22.0,0.364,2.0,8.0,0.25,6.0,14.0,0.429,0.409,2.0,2.0,1.0,2.0,2.0,4.0,6.0,1.0,0.0,3.0,6.0,20.0,0.0
512.0,Joe Ingles,38.0,MIN,SF,25.0,0.0,102.0,7.0,13.0,0.538,3.0,8.0,0.375,4.0,5.0,0.8,0.654,2.0,2.0,1.0,0.0,9.0,9.0,20.0,7.0,1.0,9.0,6.0,19.0,0.0
513.0,Riley Minix,25.0,SAS/CLE,SF,6.0,0.0,23.0,8.0,12.0,0.667,3.0,6.0,0.5,5.0,6.0,0.833,0.792,0.0,0.0,,2.0,3.0,5.0,4.0,1.0,0.0,2.0,3.0,19.0,0.0
514.0,Monte Morris,30.0,IND,PG,6.0,0.0,65.0,7.0,20.0,0.35,2.0,8.0,0.25,5.0,12.0,0.417,0.4,2.0,4.0,0.5,1.0,6.0,7.0,9.0,1.0,1.0,2.0,3.0,18.0,0.0
515.0,Nikola Topić,20.0,OKC,PG,6.0,0.0,65.0,8.0,18.0,0.444,2.0,6.0,0.333,6.0,12.0,0.5,0.5,0.0,0.0,,2.0,8.0,10.0,12.0,0.0,0.0,11.0,5.0,18.0,0.0
516.0,Isaiah Crawford,24.0,HOU,SF,13.0,0.0,76.0,6.0,18.0,0.333,2.0,10.0,0.2,4.0,8.0,0.5,0.389,3.0,4.0,0.75,2.0,8.0,10.0,4.0,2.0,3.0,3.0,3.0,17.0,0.0
517.0,Kyle Lowry,39.0,PHI,PG,13.0,0.0,113.0,4.0,20.0,0.2,4.0,20.0,0.2,0.0,0.0,,0.3,5.0,6.0,0.833,0.0,9.0,9.0,11.0,2.0,2.0,4.0,8.0,17.0,0.0
518.0,Grant Nelson,23.0,BRK,PF,4.0,0.0,35.0,5.0,9.0,0.556,0.0,0.0,,5.0,9.0,0.556,0.556,7.0,10.0,0.7,1.0,5.0,6.0,5.0,1.0,5.0,4.0,6.0,17.0,0.0
519.0,Emanuel Miller,25.0,CHI,PF,5.0,0.0,33.0,6.0,13.0,0.462,2.0,6.0,0.333,4.0,7.0,0.571,0.538,1.0,2.0,0.5,1.0,2.0,3.0,4.0,2.0,0.0,0.0,2.0,15.0,0.0
520.0,Trey Alexander,22.0,NOP,SG,5.0,0.0,42.0,6.0,9.0,0.667,2.0,3.0,0.667,4.0,6.0,0.667,0.778,0.0,0.0,,0.0,4.0,4.0,5.0,1.0,1.0,1.0,4.0,14.0,0.0
521.0,Lawson Lovering,22.0,MEM,C,2.0,1.0,49.0,6.0,10.0,0.6,0.0,0.0,,6.0,10.0,0.6,0.6,2.0,5.0,0.4,6.0,9.0,15.0,3.0,3.0,1.0,2.0,7.0,14.0,0.0
522.0,Garrett Temple,39.0,TOR,SG,21.0,0.0,69.0,3.0,14.0,0.214,2.0,11.0,0.182,1.0,3.0,0.333,0.286,6.0,9.0,0.667,1.0,7.0,8.0,8.0,3.0,2.0,7.0,6.0,14.0,0.0
523.0,Tristan Enaruna,24.0,CLE,SF,6.0,0.0,34.0,6.0,16.0,0.375,1.0,5.0,0.2,5.0,11.0,0.455,0.406,0.0,1.0,0.0,5.0,4.0,9.0,3.0,1.0,0.0,2.0,1.0,13.0,0.0
524.0,Skal Labissière,29.0,WAS,PF,3.0,0.0,38.0,6.0,10.0,0.6,1.0,5.0,0.2,5.0,5.0,1.0,0.65,0.0,0.0,,3.0,6.0,9.0,3.0,2.0,1.0,1.0,3.0,13.0,0.0
525.0,Sean Pedulla,23.0,LAC,PG,5.0,0.0,26.0,5.0,13.0,0.385,3.0,9.0,0.333,2.0,4.0,0.5,0.5,0.0,0.0,,0.0,2.0,2.0,4.0,0.0,0.0,0.0,3.0,13.0,0.0
526.0,James Wiseman,24.0,IND,C,4.0,1.0,58.0,6.0,10.0,0.6,0.0,0.0,,6.0,10.0,0.6,0.6,1.0,2.0,0.5,5.0,3.0,8.0,3.0,0.0,1.0,5.0,10.0,13.0,0.0
527.0,Harrison Ingram,23.0,SAS,SF,6.0,0.0,20.0,5.0,6.0,0.833,1.0,1.0,1.0,4.0,5.0,0.8,0.917,0.0,0.0,,3.0,0.0,3.0,1.0,0.0,0.0,1.0,2.0,11.0,0.0
528.0,Mo Bamba,27.0,TOR/UTA,C,4.0,0.0,44.0,5.0,11.0,0.455,0.0,0.0,,5.0,11.0,0.455,0.455,0.0,0.0,,10.0,12.0,22.0,1.0,0.0,3.0,2.0,6.0,10.0,0.0
529.0,Johni Broome,23.0,PHI,C,11.0,0.0,55.0,4.0,24.0,0.167,0.0,5.0,0.0,4.0,19.0,0.211,0.167,2.0,6.0,0.333,7.0,9.0,16.0,4.0,3.0,2.0,3.0,7.0,10.0,0.0
530.0,Jayson Kent,23.0,POR,SF,3.0,0.0,19.0,4.0,6.0,0.667,1.0,3.0,0.333,3.0,3.0,1.0,0.75,1.0,1.0,1.0,0.0,4.0,4.0,0.0,1.0,1.0,0.0,1.0,10.0,0.0
531.0,Wendell Moore Jr.,24.0,DET,SG,5.0,0.0,54.0,4.0,7.0,0.571,0.0,1.0,0.0,4.0,6.0,0.667,0.571,2.0,2.0,1.0,1.0,5.0,6.0,3.0,2.0,2.0,1.0,1.0,10.0,0.0
532.0,Isaiah Stevens,25.0,SAC,PG,3.0,0.0,43.0,3.0,7.0,0.429,0.0,1.0,0.0,3.0,6.0,0.5,0.429,4.0,4.0,1.0,2.0,1.0,3.0,10.0,5.0,0.0,2.0,2.0,10.0,0.0
533.0,Dalano Banton,26.0,LAC/BOS,PG,5.0,0.0,25.0,4.0,9.0,0.444,0.0,0.0,,4.0,9.0,0.444,0.444,2.0,2.0,1.0,1.0,0.0,1.0,4.0,1.0,1.0,2.0,1.0,10.0,0.0
534.0,Trey Jemison,26.0,NYK,C,11.0,0.0,61.0,4.0,7.0,0.571,0.0,0.0,,4.0,7.0,0.571,0.571,1.0,1.0,1.0,8.0,8.0,16.0,3.0,1.0,2.0,6.0,9.0,9.0,0.0
535.0,Curtis Jones,24.0,DEN,SG,7.0,0.0,33.0,4.0,14.0,0.286,1.0,9.0,0.111,3.0,5.0,0.6,0.321,0.0,0.0,,1.0,4.0,5.0,4.0,1.0,0.0,1.0,3.0,9.0,0.0
536.0,Chris Livingston,22.0,CLE,SF,3.0,0.0,17.0,4.0,7.0,0.571,0.0,3.0,0.0,4.0,4.0,1.0,0.571,1.0,1.0,1.0,0.0,3.0,3.0,1.0,1.0,0.0,0.0,4.0,9.0,0.0
537.0,Brandon Clarke,29.0,MEM,PF,2.0,2.0,20.0,3.0,9.0,0.333,0.0,0.0,,3.0,9.0,0.333,0.333,2.0,4.0,0.5,4.0,2.0,6.0,1.0,2.0,0.0,0.0,5.0,8.0,0.0
538.0,Dariq Whitehead,21.0,MEM,SF,1.0,0.0,22.0,3.0,10.0,0.3,1.0,7.0,0.143,2.0,3.0,0.667,0.35,1.0,2.0,0.5,0.0,4.0,4.0,2.0,3.0,0.0,2.0,3.0,8.0,0.0
539.0,Norchad Omier,24.0,LAC,PF,3.0,0.0,14.0,4.0,5.0,0.8,0.0,1.0,0.0,4.0,4.0,1.0,0.8,0.0,0.0,,2.0,2.0,4.0,1.0,1.0,0.0,0.0,2.0,8.0,0.0
540.0,Jacob Toppin,25.0,ATL,SF,5.0,0.0,17.0,4.0,6.0,0.667,0.0,0.0,,4.0,6.0,0.667,0.667,0.0,0.0,,0.0,1.0,1.0,1.0,0.0,1.0,0.0,1.0,8.0,0.0
541.0,Dillon Jones,24.0,NYK,SF,6.0,0.0,27.0,1.0,6.0,0.167,1.0,4.0,0.25,0.0,2.0,0.0,0.25,4.0,4.0,1.0,2.0,4.0,6.0,4.0,2.0,0.0,0.0,5.0,7.0,0.0
542.0,Cody Martin,30.0,IND,SF,4.0,0.0,55.0,2.0,10.0,0.2,0.0,5.0,0.0,2.0,5.0,0.4,0.2,3.0,6.0,0.5,1.0,13.0,14.0,2.0,4.0,2.0,4.0,5.0,7.0,0.0
543.0,Orlando Robinson,25.0,ORL,C,4.0,1.0,25.0,3.0,5.0,0.6,1.0,2.0,0.5,2.0,3.0,0.667,0.7,0.0,0.0,,2.0,2.0,4.0,3.0,1.0,0.0,0.0,3.0,7.0,0.0
544.0,Hunter Sallis,22.0,PHI,SG,7.0,0.0,26.0,3.0,5.0,0.6,0.0,0.0,,3.0,5.0,0.6,0.6,1.0,2.0,0.5,0.0,1.0,1.0,4.0,0.0,1.0,5.0,2.0,7.0,0.0
545.0,Lucas Williamson,27.0,MEM,,2.0,0.0,28.0,2.0,6.0,0.333,1.0,4.0,0.25,1.0,2.0,0.5,0.417,2.0,2.0,1.0,1.0,3.0,4.0,3.0,0.0,0.0,1.0,5.0,7.0,0.0
546.0,Isaac Jones,25.0,SAC/DET,PF,6.0,1.0,26.0,3.0,6.0,0.5,0.0,2.0,0.0,3.0,4.0,0.75,0.5,1.0,2.0,0.5,2.0,3.0,5.0,1.0,0.0,1.0,0.0,4.0,7.0,0.0
547.0,Buddy Boeheim,26.0,OKC,SF,4.0,0.0,15.0,2.0,6.0,0.333,2.0,6.0,0.333,0.0,0.0,,0.5,0.0,0.0,,0.0,0.0,0.0,0.0,0.0,0.0,0.0,1.0,6.0,0.0
548.0,Keshon Gilbert,22.0,WAS,PG,3.0,0.0,48.0,1.0,4.0,0.25,0.0,2.0,0.0,1.0,2.0,0.5,0.25,4.0,4.0,1.0,2.0,3.0,5.0,3.0,2.0,4.0,6.0,3.0,6.0,0.0
549.0,Tre Scott,29.0,BRK,PF,1.0,0.0,8.0,2.0,3.0,0.667,1.0,1.0,1.0,1.0,2.0,0.5,0.833,1.0,1.0,1.0,0.0,2.0,2.0,1.0,0.0,0.0,0.0,1.0,6.0,0.0
550.0,Rocco Zikarsky,19.0,MIN,C,4.0,0.0,16.0,3.0,5.0,0.6,0.0,0.0,,3.0,5.0,0.6,0.6,0.0,0.0,,2.0,3.0,5.0,0.0,0.0,3.0,0.0,1.0,6.0,0.0
551.0,Drew Peterson,26.0,CHO,PF,6.0,0.0,64.0,2.0,16.0,0.125,0.0,12.0,0.0,2.0,4.0,0.5,0.125,1.0,2.0,0.5,3.0,6.0,9.0,2.0,3.0,1.0,0.0,3.0,5.0,0.0
552.0,Dario Šarić,31.0,SAC,C,5.0,0.0,41.0,1.0,6.0,0.167,1.0,3.0,0.333,0.0,3.0,0.0,0.25,2.0,2.0,1.0,1.0,5.0,6.0,2.0,0.0,0.0,2.0,3.0,5.0,0.0
553.0,Alex Antetokounmpo,24.0,MIL,SF,3.0,0.0,11.0,0.0,3.0,0.0,0.0,3.0,0.0,0.0,0.0,,0.0,4.0,6.0,0.667,1.0,0.0,1.0,0.0,0.0,0.0,0.0,0.0,4.0,0.0
554.0,Trentyn Flowers,20.0,CHI,SF,2.0,0.0,6.0,2.0,3.0,0.667,0.0,1.0,0.0,2.0,2.0,1.0,0.667,0.0,0.0,,1.0,0.0,1.0,1.0,0.0,0.0,1.0,1.0,4.0,0.0
555.0,Markelle Fultz,27.0,TOR,PG,5.0,0.0,36.0,2.0,11.0,0.182,0.0,0.0,,2.0,11.0,0.182,0.182,0.0,0.0,,0.0,1.0,1.0,8.0,2.0,0.0,4.0,2.0,4.0,0.0
556.0,Vladislav Goldin,24.0,MIA,C,5.0,0.0,14.0,2.0,3.0,0.667,0.0,0.0,,2.0,3.0,0.667,0.667,0.0,0.0,,1.0,3.0,4.0,2.0,0.0,1.0,1.0,3.0,4.0,0.0
557.0,Zyon Pullin,24.0,MIN,SG,2.0,0.0,6.0,1.0,1.0,1.0,0.0,0.0,,1.0,1.0,1.0,1.0,2.0,2.0,1.0,0.0,0.0,0.0,3.0,1.0,0.0,2.0,2.0,4.0,0.0
558.0,David Roddy,24.0,DEN,PF,3.0,0.0,14.0,1.0,5.0,0.2,0.0,4.0,0.0,1.0,1.0,1.0,0.2,2.0,2.0,1.0,1.0,4.0,5.0,2.0,1.0,0.0,0.0,2.0,4.0,0.0
559.0,Payton Sandfort,23.0,OKC,SF,2.0,0.0,7.0,1.0,5.0,0.2,1.0,4.0,0.25,0.0,1.0,0.0,0.3,1.0,2.0,0.5,0.0,2.0,2.0,0.0,0.0,0.0,1.0,5.0,4.0,0.0
560.0,Max Shulga,23.0,BOS,SG,9.0,0.0,13.0,1.0,4.0,0.25,0.0,1.0,0.0,1.0,3.0,0.333,0.25,2.0,2.0,1.0,1.0,0.0,1.0,2.0,0.0,0.0,1.0,5.0,4.0,0.0
561.0,N'Faly Dante,24.0,ATL,C,4.0,0.0,15.0,1.0,4.0,0.25,0.0,0.0,,1.0,4.0,0.25,0.25,1.0,1.0,1.0,3.0,4.0,7.0,0.0,2.0,0.0,1.0,1.0,3.0,0.0
562.0,Colin Castleton,25.0,ORL,C,1.0,0.0,10.0,1.0,3.0,0.333,0.0,0.0,,1.0,3.0,0.333,0.333,0.0,0.0,,0.0,4.0,4.0,1.0,0.0,0.0,2.0,1.0,2.0,0.0
563.0,Hunter Dickinson,25.0,NOP,C,1.0,0.0,5.0,1.0,2.0,0.5,0.0,0.0,,1.0,2.0,0.5,0.5,0.0,0.0,,0.0,0.0,0.0,0.0,0.0,1.0,2.0,2.0,2.0,0.0
564.0,CJ Huntley,24.0,PHO,SF,2.0,0.0,7.0,1.0,2.0,0.5,0.0,0.0,,1.0,2.0,0.5,0.5,0.0,0.0,,0.0,0.0,0.0,1.0,0.0,0.0,0.0,1.0,2.0,0.0
565.0,Colby Jones,23.0,DET,SG,1.0,0.0,7.0,1.0,3.0,0.333,0.0,2.0,0.0,1.0,1.0,1.0,0.333,0.0,0.0,,0.0,4.0,4.0,2.0,0.0,0.0,0.0,1.0,2.0,0.0
566.0,Chris Mañon,24.0,LAL,SG,6.0,0.0,25.0,0.0,2.0,0.0,0.0,2.0,0.0,0.0,0.0,,0.0,2.0,2.0,1.0,1.0,5.0,6.0,1.0,3.0,2.0,1.0,5.0,2.0,0.0
567.0,Alex Morales,28.0,ORL,PG,1.0,0.0,12.0,1.0,2.0,0.5,0.0,0.0,,1.0,2.0,0.5,0.5,0.0,0.0,,1.0,2.0,3.0,4.0,0.0,0.0,2.0,4.0,2.0,0.0
568.0,John Tonje,24.0,BOS,SG,5.0,0.0,12.0,0.0,2.0,0.0,0.0,2.0,0.0,0.0,0.0,,0.0,2.0,2.0,1.0,0.0,2.0,2.0,1.0,1.0,0.0,0.0,1.0,2.0,0.0
569.0,Stanley Umude,26.0,SAS,SG,2.0,0.0,7.0,1.0,2.0,0.5,0.0,1.0,0.0,1.0,1.0,1.0,0.5,0.0,0.0,,0.0,0.0,0.0,1.0,1.0,0.0,0.0,2.0,2.0,0.0
570.0,Olivier Sarr,26.0,CLE,C,1.0,0.0,4.0,0.0,0.0,,0.0,0.0,,0.0,0.0,,,1.0,2.0,0.5,0.0,0.0,0.0,0.0,0.0,0.0,0.0,2.0,1.0,0.0
571.0,Jahmyl Telfort,24.0,LAC,PF,8.0,0.0,32.0,0.0,4.0,0.0,0.0,4.0,0.0,0.0,0.0,,0.0,1.0,4.0,0.25,0.0,3.0,3.0,1.0,1.0,0.0,1.0,5.0,1.0,0.0
572.0,Darius Brown II,26.0,CLE,SG,1.0,0.0,3.0,0.0,1.0,0.0,0.0,0.0,,0.0,1.0,0.0,0.0,0.0,0.0,,0.0,1.0,1.0,0.0,0.0,0.0,0.0,0.0,0.0,0.0
573.0,Noa Essengue,19.0,CHI,PF,2.0,0.0,6.0,0.0,3.0,0.0,0.0,2.0,0.0,0.0,1.0,0.0,0.0,0.0,0.0,,0.0,0.0,0.0,0.0,1.0,0.0,0.0,1.0,0.0,0.0
574.0,Tosan Evbuomwan,24.0,NYK,SF,5.0,0.0,8.0,0.0,1.0,0.0,0.0,0.0,,0.0,1.0,0.0,0.0,0.0,0.0,,1.0,1.0,2.0,0.0,0.0,0.0,0.0,1.0,0.0,0.0
575.0,Enrique Freeman,25.0,MIN,PF,2.0,0.0,8.0,0.0,0.0,,0.0,0.0,,0.0,0.0,,,0.0,0.0,,0.0,3.0,3.0,0.0,0.0,1.0,0.0,0.0,0.0,0.0
576.0,Chucky Hepburn,22.0,TOR,PG,2.0,0.0,13.0,0.0,6.0,0.0,0.0,5.0,0.0,0.0,1.0,0.0,0.0,0.0,0.0,,0.0,1.0,1.0,2.0,1.0,0.0,1.0,2.0,0.0,0.0
577.0,Trevor Keels,22.0,MIA,SG,4.0,0.0,5.0,0.0,4.0,0.0,0.0,3.0,0.0,0.0,1.0,0.0,0.0,0.0,0.0,,0.0,2.0,2.0,0.0,0.0,0.0,0.0,0.0,0.0,0.0
,League Average,0.0,,,0.0,0.0,0.0,0.0,0.0,0.47,0.0,0.0,0.359,0.0,0.0,0.549,0.545,0.0,0.0,0.783,0.0,0.0,0.0,0.0,0.0,0.0,0.0,0.0,0.0,0.0
